geo_id,market,order_region,order_country,order_city,order_state
1,Pacific Asia,Southeast Asia,Indonesia,Bekasi,Java Occidental
2,Pacific Asia,South Asia,India,Bikaner,Rajastán
3,Pacific Asia,Oceania,Australia,Townsville,Queensland
4,Pacific Asia,Oceania,Australia,Toowoomba,Queensland
5,Pacific Asia,Eastern Asia,China,Guangzhou,Guangdong
6,Pacific Asia,Eastern Asia,Japón,Tokio,Tokio
7,Pacific Asia,Southeast Asia,Indonesia,Manado,Célebes Septentrional
8,Pacific Asia,South Asia,India,Sangli,Maharashtra
9,Pacific Asia,Eastern Asia,Corea del Sur,Seúl,Seúl
10,Pacific Asia,South Asia,India,Jabalpur,Madhya Pradesh
11,Pacific Asia,Oceania,Australia,Geelong,Victoria
12,Pacific Asia,Oceania,Australia,Brisbane,Queensland
13,Pacific Asia,Oceania,Australia,Mandurah,Australia Occidental
14,Pacific Asia,Eastern Asia,China,Guilin,Guangxi
15,Pacific Asia,South Asia,India,Delhi,Delhi
16,Pacific Asia,Eastern Asia,China,Suzhou,Gansu
17,Pacific Asia,Southeast Asia,Singapur,Singapur,Singapur
18,Pacific Asia,South Asia,India,Hubli,Karnataka
19,Pacific Asia,Oceania,Australia,Wollongong,Nueva Gales del Sur
20,Pacific Asia,Southeast Asia,Indonesia,Medan,Sumatra Septentrional
21,Pacific Asia,Oceania,Australia,Canberra,Territorio de la Capital Australiana
22,Pacific Asia,South Asia,India,Bangalore,Karnataka
23,Pacific Asia,Eastern Asia,China,Yiwu,Zhejiang
24,Pacific Asia,South Asia,India,Mirzapur,Uttar Pradesh
25,Pacific Asia,West Asia,Turquía,Bursa,Bursa
26,Pacific Asia,Oceania,Australia,Murray Bridge,Australia del Sur
27,Pacific Asia,West Asia,Turquía,Kartal,Estambul
28,Pacific Asia,Eastern Asia,Mongolia,Ulan Bator,Ulán Bator
29,Pacific Asia,West Asia,Turquía,Estambul,Estambul
30,Pacific Asia,South Asia,India,Raipur,Rajastán
31,Usca,West Of Usa,Estados Unidos,Pasco,Washington
32,Usca,West Of Usa,Estados Unidos,Los Angeles,California
33,Usca,West Of Usa,Estados Unidos,San Francisco,California
34,Usca,Us Center,Estados Unidos,Overland Park,Kansas
35,Africa,West Africa,Nigeria,Ugep,Cross River
36,Africa,Central Africa,República Democrática del Congo,Kinshasa,Kinshasa
37,Africa,West Africa,Senegal,Dakar,Dakar
38,Africa,North Africa,Marruecos,Casablanca,Gran Casablanca
39,Europe,Western Europe,Alemania,Dortmund,Renania del Norte-Westfalia
40,Europe,Western Europe,Francia,Drancy,Isla de Francia
41,Europe,Western Europe,Francia,Nantes,Países del Loira
42,Europe,Western Europe,Países Bajos,Groningen,Groningen
43,Europe,Northern Europe,Reino Unido,Gateshead,Inglaterra
44,Europe,Northern Europe,Reino Unido,Eastbourne,Inglaterra
45,Europe,Western Europe,Francia,Hayange,Alsacia-Champaña-Ardenas-Lorena
46,Europe,Northern Europe,Reino Unido,Portsmouth,Inglaterra
47,Europe,Western Europe,Alemania,Gelsenkirchen,Renania del Norte-Westfalia
48,Europe,Western Europe,Francia,Nice,Provenza-Alpes-Costa Azul
49,Latam,Central America,Guatemala,Petapa,Guatemala
50,Latam,Central America,El Salvador,Mejicanos,San Salvador
51,Latam,Central America,Panamá,David,Chiriquí
52,Latam,Caribbean,República Dominicana,Santo Domingo,Santo Domingo
53,Latam,South America,Venezuela,Cabimas,Zulia
54,Latam,South America,Colombia,Dos Quebradas,Risaralda
55,Latam,Central America,El Salvador,Ilopango,San Salvador
56,Latam,Central America,Honduras,Tegucigalpa,Francisco Morazán
57,Latam,South America,Brasil,Juazeiro,Bahía
58,Latam,Central America,México,Mexico City,Distrito Federal
59,Latam,Central America,México,Tlaquepaque,Jalisco
60,Latam,Central America,México,Puebla,Puebla
61,Latam,South America,Brasil,São Paulo,São Paulo
62,Latam,South America,Uruguay,Montevideo,Montevideo
63,Latam,South America,Argentina,Buenos Aires,Buenos Aires
64,Latam,South America,Brasil,Barueri,São Paulo
65,Latam,South America,Brasil,Arapongas,Paraná
66,Latam,Caribbean,Cuba,Camagüey,Camagüey
67,Latam,Caribbean,Cuba,Las Tunas,Las Tunas
68,Latam,Central America,México,Tepic,Nayarit
69,Latam,Central America,Panamá,San Miguelito,Panamá
70,Latam,Central America,México,Ixtapaluca,México
71,Latam,South America,Brasil,Maceió,Alagoas
72,Latam,South America,Brasil,Belo Horizonte,Minas Gerais
73,Latam,Caribbean,Cuba,Santiago de Cuba,Santiago de Cuba
74,Latam,Central America,Honduras,San Pedro Sula,Cortés
75,Latam,South America,Perú,Lima,Lima (ciudad)
76,Latam,Caribbean,Cuba,Holguín,Holguín
77,Latam,Central America,México,Orizaba,Veracruz
78,Latam,Central America,Nicaragua,Managua,Managua
79,Latam,Central America,México,Villahermosa,Tabasco
80,Latam,South America,Brasil,Quixadá,Ceará
81,Latam,Central America,Guatemala,Mixco,Guatemala
82,Latam,Caribbean,Cuba,Nueva Gerona,Isla de la Juventud
83,Latam,Central America,Guatemala,Chimaltenango,Chimaltenango
84,Latam,Central America,Guatemala,Villa Nueva,Guatemala
85,Latam,South America,Ecuador,Quito,Pichincha
86,Latam,South America,Venezuela,Valle de La Pascua,Guárico
87,Latam,South America,Brasil,Cotia,São Paulo
88,Latam,South America,Brasil,Itapecuru Mirim,Marañón
89,Latam,Central America,Nicaragua,León,León
90,Latam,Central America,México,Tlalpan,Distrito Federal
91,Latam,Central America,El Salvador,Apopa,San Salvador
92,Latam,South America,Argentina,Cipolletti,Río Negro
93,Latam,Central America,Honduras,La Ceiba,Atlántida
94,Latam,Central America,México,Córdoba,Veracruz
95,Africa,Central Africa,Angola,Kuito,Bié
96,Africa,North Africa,Sudán,Jartum,Jartum
97,Africa,East Africa,Somalia,Hargeysa,Gobolka Woqooyi Galbeed
98,Africa,North Africa,Marruecos,Kenitra,Garb-Chrarda-Beni Hsen
99,Africa,West Africa,Costa de Marfil,Abidjan,Lagunes
100,Africa,North Africa,Egipto,Abu Kabir,Ash Sharqiyah
101,Europe,Southern Europe,Italia,Perugia,Umbría
102,Europe,Western Europe,Alemania,Nuremberg,Bavaria
103,Europe,Western Europe,Francia,Reims,Alsacia-Champaña-Ardenas-Lorena
104,Europe,Western Europe,Alemania,Halle,Sajonia-Anhalt
105,Europe,Western Europe,Alemania,Bremerhaven,Bremen
106,Europe,Southern Europe,Italia,Portici,Campania
107,Europe,Western Europe,Alemania,Bielefeld,Renania del Norte-Westfalia
108,Europe,Northern Europe,Reino Unido,London,Inglaterra
109,Europe,Western Europe,Alemania,Duisburg,Renania del Norte-Westfalia
110,Europe,Northern Europe,Reino Unido,Bradford,Inglaterra
111,Europe,Southern Europe,Italia,Agrigento,Sicilia
112,Europe,Northern Europe,Reino Unido,Oldham,Inglaterra
113,Europe,Southern Europe,Italia,Palermo,Sicilia
114,Europe,Southern Europe,España,Madrid,Madrid
115,Europe,Western Europe,Francia,Nancy,Alsacia-Champaña-Ardenas-Lorena
116,Europe,Southern Europe,España,Girona,Cataluña
117,Europe,Western Europe,Francia,Laon,Norte-Paso de Calais-Picardía
118,Europe,Northern Europe,Reino Unido,Hartlepool,Inglaterra
119,Europe,Western Europe,Francia,Pontault-Combault,Isla de Francia
120,Europe,Western Europe,Francia,La Rochelle,Aquitania-Lemosín-Poitou-Charentes
121,Europe,Northern Europe,Reino Unido,Edinburgh,Escocia
122,Europe,Southern Europe,Italia,Acerra,Campania
123,Europe,Western Europe,Alemania,Hanover,Baja Sajonia
124,Europe,Northern Europe,Reino Unido,Manchester,Inglaterra
125,Europe,Southern Europe,Italia,Messina,Sicilia
126,Europe,Western Europe,Alemania,Wilhelmshaven,Baja Sajonia
127,Europe,Northern Europe,Reino Unido,Letchworth,Inglaterra
128,Europe,Northern Europe,Reino Unido,Kilwinning,Escocia
129,Europe,Western Europe,Francia,Villeneuve-le-Roi,Isla de Francia
130,Europe,Southern Europe,España,Barakaldo,País Vasco
131,Europe,Northern Europe,Suecia,Estocolmo,Estocolmo
132,Europe,Northern Europe,Reino Unido,Aylesbury,Inglaterra
133,Europe,Western Europe,Alemania,Langenhagen,Baja Sajonia
134,Europe,Northern Europe,Reino Unido,Birmingham,Inglaterra
135,Europe,Western Europe,Países Bajos,Amsterdam,Holanda Septentrional
136,Europe,Western Europe,Austria,Viena,Viena
137,Usca,Us Center,Estados Unidos,Houston,Texas
138,Usca,West Of Usa,Estados Unidos,Gilbert,Arizona
139,Usca,West Of Usa,Estados Unidos,San Jose,California
140,Usca,West Of Usa,Estados Unidos,Fresno,California
141,Usca,West Of Usa,Estados Unidos,Peoria,Arizona
142,Usca,East Of Usa,Estados Unidos,Cincinnati,Ohio
143,Usca,Us Center,Estados Unidos,Columbus,Indiana
144,Usca,Canada,Canada,Ottawa,Ontario
145,Usca,Canada,Canada,Kitchener,Ontario
146,Usca,East Of Usa,Estados Unidos,Philadelphia,Pensilvania
147,Usca,Us Center,Estados Unidos,Des Plaines,Illinois
148,Usca,Us Center,Estados Unidos,Elmhurst,Illinois
149,Africa,East Africa,Madagascar,Antananarivo,Analamanga
150,Africa,North Africa,Argelia,Algiers,Alger
151,Africa,West Africa,Liberia,Monrovia,Montserrado
152,Africa,West Africa,Costa de Marfil,Gagnoa,Fromager
153,Africa,East Africa,Zambia,Livingstone,Meridional
154,Africa,North Africa,Marruecos,Fes,Fez-Bulmán
155,Africa,North Africa,Egipto,Cairo,El Cairo
156,Africa,North Africa,Egipto,Hurghada,Al Bahr al Ahmar
157,Africa,West Africa,Níger,Niamey,Niamey
158,Africa,North Africa,Marruecos,Sale,Rabat-Salé-Zemur-Zaer
159,Africa,Southern Africa,SudAfrica,Pretoria,Gauteng
160,Africa,North Africa,Marruecos,Marrakech,Marrakech-Tensift-Al Hauz
161,Africa,North Africa,Sudán,Bur Sudan,Mar Rojo
162,Africa,West Africa,Nigeria,Lagos,Lagos
163,Africa,East Africa,Mozambique,Quelimane,Zambezia
164,Africa,Southern Africa,SudAfrica,Port Elizabeth,Cabo Oriental
165,Africa,East Africa,Tanzania,Shinyanga,Shinyanga
166,Africa,East Africa,Somalia,Kismaayo,Jubbada Hoose
167,Africa,East Africa,Ruanda,Butare,Meridional
168,Africa,Southern Africa,SudAfrica,Newcastle,KwaZulu-Natal
169,Pacific Asia,West Asia,Israel,Jerusalén,Jerusalén
170,Pacific Asia,Oceania,Australia,Gold Coast,Queensland
171,Pacific Asia,Oceania,Australia,Newcastle,Nueva Gales del Sur
172,Pacific Asia,Oceania,Nueva Zelanda,Porirua,Wellington
173,Pacific Asia,Oceania,Australia,Mildura,Victoria
174,Pacific Asia,South Asia,Bangladés,Daca,Daca
175,Pacific Asia,South Asia,India,Kanpur,Uttar Pradesh
176,Pacific Asia,Southeast Asia,Tailandia,Bangkok,Bangkok
177,Pacific Asia,West Asia,Irak,Bagdad,Bagdad
178,Pacific Asia,West Asia,Turquía,Adana,Adana
179,Pacific Asia,West Asia,Arabia Saudí,Riyadh,Riad
180,Pacific Asia,Eastern Asia,China,Shenzhen,Guangdong
181,Pacific Asia,Eastern Asia,China,Tianjin,Tianjin
182,Pacific Asia,Oceania,Australia,Perth,Australia Occidental
183,Pacific Asia,Oceania,Nueva Zelanda,Dunedin,Otago
184,Pacific Asia,Oceania,Australia,Melbourne,Victoria
185,Pacific Asia,South Asia,India,Ulhasnagar,Maharashtra
186,Pacific Asia,Southeast Asia,Filipinas,Manila,Capital Nacional
187,Pacific Asia,West Asia,Turquía,Mersin,Mersin
188,Pacific Asia,Central Asia,Kazajistán,Temirtau,Karagandá
189,Pacific Asia,Eastern Asia,China,Tengzhou,Shandong
190,Pacific Asia,Eastern Asia,China,Nantong,Jiangsu
191,Pacific Asia,Eastern Asia,China,Dalian,Liaoning
192,Pacific Asia,Eastern Asia,China,Lianyuan,Hunan
193,Pacific Asia,Oceania,Australia,Caloundra,Queensland
194,Pacific Asia,Oceania,Australia,Bendigo,Victoria
195,Pacific Asia,Oceania,Australia,Adelaide,Australia del Sur
196,Pacific Asia,South Asia,India,Ajmer,Rajastán
197,Pacific Asia,South Asia,Irán,Kerman,Kerman
198,Pacific Asia,South Asia,India,Vadodara,Guyarat
199,Pacific Asia,Southeast Asia,Indonesia,Semarang,Java Central
200,Pacific Asia,Southeast Asia,Indonesia,Cirebon,Java Occidental
201,Pacific Asia,Southeast Asia,Myanmar (Birmania),Rangún,Rangún
202,Pacific Asia,West Asia,Turquía,Kütahya,Kütahya
203,Pacific Asia,Central Asia,Uzbekistán,Namangán,Namangán
204,Pacific Asia,Eastern Asia,China,Xinzhou,Hubei
205,Pacific Asia,Eastern Asia,China,Mudanjiang,Heilongjiang
206,Africa,West Africa,Benín,Lokossa,Mono
207,Africa,West Africa,Nigeria,Ikot Ekpene,Akwa Ibom
208,Africa,West Africa,Nigeria,Warri,Delta
209,Africa,Central Africa,República Democrática del Congo,Bandundu,Bandundu
210,Africa,Central Africa,Camerún,Foumban,Ouest
211,Africa,Central Africa,Angola,Luanda,Luanda
212,Africa,West Africa,Nigeria,Maiduguri,Borno
213,Africa,East Africa,Kenia,Nairobi,Nairobi
214,Africa,East Africa,Zambia,Kitwe,Copperbelt
215,Africa,Central Africa,Camerún,Nkongsamba,Littoral
216,Africa,Central Africa,República Democrática del Congo,Mbuji-mayi,Kasai Oriental
217,Africa,West Africa,Togo,Lome,Marítima
218,Africa,East Africa,Madagascar,Mahajanga,Boeny
219,Africa,West Africa,Nigeria,Kano,Kano
220,Africa,North Africa,Argelia,Annaba,Annaba
221,Africa,West Africa,Benín,Cotonou,Littoral
222,Africa,East Africa,Tanzania,Dar es Salaam,Dar es Salaam
223,Africa,Southern Africa,SudAfrica,Cape Town,Cabo Occidental
224,Europe,Western Europe,Francia,Montpellier,Languedoc-Rosellón-Mediodía-Pirineos
225,Europe,Eastern Europe,Ucrania,Khmelnytskyi,Khmelnytskyi
226,Europe,Western Europe,Francia,Vannes,Bretaña
227,Europe,Southern Europe,España,Fuenlabrada,Madrid
228,Europe,Western Europe,Francia,Villemomble,Isla de Francia
229,Europe,Western Europe,Francia,Gien,Centro-Valle de Loira
230,Europe,Western Europe,Francia,Neuilly-sur-Seine,Isla de Francia
231,Europe,Western Europe,Alemania,Viersen,Renania del Norte-Westfalia
232,Europe,Southern Europe,Italia,Verona,Véneto
233,Europe,Southern Europe,Italia,Fano,Marche
234,Europe,Eastern Europe,Polonia,Gdynia,Pomerania
235,Europe,Southern Europe,España,Talavera de la Reina,Castilla-La Mancha
236,Europe,Western Europe,Francia,Montreuil,Isla de Francia
237,Europe,Western Europe,Francia,Marseille,Provenza-Alpes-Costa Azul
238,Europe,Southern Europe,Portugal,Lisbon,Lisboa
239,Europe,Northern Europe,Reino Unido,Wolverhampton,Inglaterra
240,Europe,Eastern Europe,Rumania,Satu Mare,Satu Mare
241,Latam,Central America,México,Guadalajara,Jalisco
242,Latam,South America,Colombia,Cúcuta,Norte de Santander
243,Latam,Central America,México,Zacatecas,Zacatecas
244,Latam,Central America,México,Chihuahua,Chihuahua
245,Latam,South America,Brasil,Brasília,Distrito Federal
246,Latam,South America,Brasil,Santarém,Pará
247,Latam,South America,Brasil,Joinville,Santa Catarina
248,Latam,Central America,México,Monterrey,Nuevo León
249,Latam,South America,Colombia,Pitalito,Huila
250,Latam,Central America,México,Querétaro,Querétaro
251,Latam,Caribbean,Trinidad y Tobago,Chaguanas,Chaguanas
252,Latam,Central America,México,Hermosillo,Sonora
253,Latam,Central America,México,Coacalco,México
254,Latam,South America,Brasil,Balneário Camboriú,Santa Catarina
255,Latam,South America,Venezuela,Maturín,Monagas
256,Latam,South America,Brasil,Parintins,Amazonas
257,Latam,Central America,Guatemala,Huehuetenango,Huehuetenango
258,Latam,Central America,Guatemala,Chinautla,Guatemala
259,Latam,South America,Brasil,Sorocaba,São Paulo
260,Latam,South America,Argentina,San Justo,Santa Fe
261,Latam,South America,Brasil,Colombo,Paraná
262,Latam,South America,Brasil,Itu,São Paulo
263,Latam,Central America,México,Cuernavaca,Morelos
264,Latam,South America,Brasil,Águas Lindas de Goiás,Goiás
265,Latam,South America,Brasil,Vespasiano,Minas Gerais
266,Latam,South America,Colombia,Bogotá,Bogotá
267,Pacific Asia,South Asia,India,Bhilai,Chhattisgarh
268,Pacific Asia,Eastern Asia,China,Qingdao,Shandong
269,Pacific Asia,South Asia,Afganistán,Herat,Herat
270,Pacific Asia,Oceania,Australia,Sydney,Nueva Gales del Sur
271,Pacific Asia,Southeast Asia,Indonesia,Bandung,Java Occidental
272,Pacific Asia,Eastern Asia,China,Tongchuan,Shaanxi
273,Pacific Asia,South Asia,India,Ujjain,Madhya Pradesh
274,Pacific Asia,Southeast Asia,Indonesia,Balikpapan,Kalimantan Oriental
275,Pacific Asia,South Asia,India,Pune,Maharashtra
276,Pacific Asia,Eastern Asia,China,Weifang,Shandong
277,Pacific Asia,Southeast Asia,Indonesia,Yogyakarta,Yogyakarta
278,Pacific Asia,Oceania,Australia,Rockhampton,Queensland
279,Pacific Asia,Eastern Asia,China,Siping,Jilin
280,Pacific Asia,Eastern Asia,China,Shanghái,Shanghái
281,Pacific Asia,Southeast Asia,Indonesia,Depok,Yogyakarta
282,Pacific Asia,Eastern Asia,Japón,Kawasaki,Kanagawa
283,Pacific Asia,South Asia,Pakistán,Lahore,Punyab
284,Pacific Asia,Southeast Asia,Indonesia,Malang,Java Oriental
285,Pacific Asia,Southeast Asia,Vietnam,Ho Chi Minh City,Ciudad Ho Chi Minh
286,Pacific Asia,Eastern Asia,China,Shenyang,Liaoning
287,Pacific Asia,Eastern Asia,Corea del Sur,Daegu,Daegu
288,Pacific Asia,South Asia,India,Rajkot,Guyarat
289,Pacific Asia,South Asia,India,Gorakhpur,Haryana
290,Pacific Asia,Southeast Asia,Indonesia,Surabaya,Java Oriental
291,Pacific Asia,South Asia,India,Nagpur,Maharashtra
292,Pacific Asia,Southeast Asia,Tailandia,Nakhon Ratchasima,Nakhon Ratchasima
293,Pacific Asia,Southeast Asia,Malasia,Kota Kinabalu,Sabah
294,Pacific Asia,Eastern Asia,China,Jiutai,Jilin
295,Pacific Asia,Eastern Asia,China,Shantou,Guangdong
296,Pacific Asia,Oceania,Australia,Cairns,Queensland
297,Pacific Asia,South Asia,India,Jaipur,Rajastán
298,Pacific Asia,South Asia,India,Raipur,Chhattisgarh
299,Pacific Asia,Eastern Asia,China,Loudi,Hunan
300,Latam,Central America,Nicaragua,Tipitapa,Managua
301,Pacific Asia,West Asia,Arabia Saudí,Tabuk,Tabuk
302,Pacific Asia,Oceania,Nueva Zelanda,Manukau City,Auckland
303,Pacific Asia,Southeast Asia,Indonesia,Yakarta,Yakarta
304,Pacific Asia,Southeast Asia,Indonesia,Tangerang,Java Occidental
305,Pacific Asia,South Asia,India,Aurangabad,Bihar
306,Usca,West Of Usa,Estados Unidos,Seattle,Washington
307,Usca,West Of Usa,Estados Unidos,Oakland,California
308,Usca,East Of Usa,Estados Unidos,New York City,Nueva York
309,Usca,South Of  Usa,Estados Unidos,Monroe,Carolina del Norte
310,Africa,Southern Africa,SudAfrica,Potchefstroom,Noroeste
311,Europe,Western Europe,Alemania,Wiesbaden,Hesse
312,Europe,Western Europe,Alemania,Munich,Bavaria
313,Europe,Western Europe,Francia,Bobigny,Isla de Francia
314,Europe,Western Europe,Francia,Lille,Norte-Paso de Calais-Picardía
315,Europe,Eastern Europe,Rumania,Giurgiu,Giurgiu
316,Europe,Northern Europe,Reino Unido,Tamworth,Inglaterra
317,Europe,Eastern Europe,Ucrania,Lviv,Lviv
318,Latam,Central America,México,Hidalgo,Michoacán
319,Latam,Central America,México,Irapuato,Guanajuato
320,Latam,Central America,México,Zapopan,Jalisco
321,Latam,South America,Brasil,Mauá,São Paulo
322,Pacific Asia,South Asia,Irán,Qom,Qom
323,Usca,West Of Usa,Estados Unidos,Denver,Colorado
324,Usca,South Of  Usa,Estados Unidos,Jacksonville,Florida
325,Europe,Southern Europe,Italia,Brindisi,Apulia
326,Europe,Western Europe,Alemania,Hamburgo,Hamburgo
327,Europe,Western Europe,Países Bajos,The Hague,Holanda Meridional
328,Europe,Northern Europe,Reino Unido,Halifax,Inglaterra
329,Europe,Western Europe,Alemania,Ratingen,Renania del Norte-Westfalia
330,Europe,Eastern Europe,Rumania,Galati,Galati
331,Latam,Central America,México,Lázaro Cárdenas,Michoacán
332,Europe,Western Europe,Países Bajos,Arnhem,Güeldres
333,Europe,Southern Europe,Italia,Parma,Emilia-Romaña
334,Europe,Northern Europe,Finlandia,Vantaa,Uusimaa
335,Europe,Southern Europe,Italia,Rome,Lacio
336,Europe,Southern Europe,Italia,Vicenza,Véneto
337,Europe,Western Europe,Francia,Wattrelos,Norte-Paso de Calais-Picardía
338,Europe,Eastern Europe,Rusia,Yaroslavl,Yaroslavl
339,Europe,Northern Europe,Reino Unido,Hastings,Inglaterra
340,Europe,Northern Europe,Reino Unido,Sheffield,Inglaterra
341,Europe,Northern Europe,Reino Unido,Lowestoft,Inglaterra
342,Europe,Northern Europe,Finlandia,Turku,Finlandia del Sudoeste
343,Europe,Southern Europe,España,San Sebastian,País Vasco
344,Europe,Western Europe,Alemania,Remscheid,Renania del Norte-Westfalia
345,Europe,Eastern Europe,Rusia,Sterlitamak,Bashkortostán
346,Europe,Northern Europe,Reino Unido,Exeter,Inglaterra
347,Europe,Western Europe,Francia,Pamiers,Languedoc-Rosellón-Mediodía-Pirineos
348,Europe,Western Europe,Países Bajos,Dordrecht,Holanda Meridional
349,Europe,Western Europe,Francia,Strasbourg,Alsacia-Champaña-Ardenas-Lorena
350,Europe,Western Europe,Países Bajos,Alphen aan den Rijn,Holanda Meridional
351,Europe,Eastern Europe,Polonia,Lublin,Lublin
352,Europe,Northern Europe,Irlanda,Dublín,Dublín
353,Europe,Western Europe,Francia,Six-Fours-les-Plages,Provenza-Alpes-Costa Azul
354,Europe,Western Europe,Francia,Rennes,Bretaña
355,Europe,Southern Europe,Italia,Capannori,Toscana
356,Europe,Western Europe,Alemania,Reutlingen,Baden-Wurtemberg
357,Europe,Western Europe,Francia,Palaiseau,Isla de Francia
358,Europe,Northern Europe,Reino Unido,Redditch,Inglaterra
359,Europe,Northern Europe,Reino Unido,Leeds,Inglaterra
360,Europe,Northern Europe,Reino Unido,Plymouth,Inglaterra
361,Europe,Southern Europe,España,Barcelona,Cataluña
362,Europe,Southern Europe,España,Castelldefels,Cataluña
363,Europe,Northern Europe,Noruega,Oslo,Oslo
364,Europe,Western Europe,Francia,Hautmont,Norte-Paso de Calais-Picardía
365,Europe,Eastern Europe,Eslovaquia,Banska Bystrica,Banská Bystrica
366,Europe,Northern Europe,Suecia,Nacka,Estocolmo
367,Europe,Northern Europe,Reino Unido,West Bromwich,Inglaterra
368,Europe,Southern Europe,Italia,Milan,Lombardía
369,Europe,Northern Europe,Reino Unido,Basingstoke,Inglaterra
370,Europe,Northern Europe,Reino Unido,Littlehampton,Inglaterra
371,Europe,Southern Europe,España,Seville,Andalucía
372,Europe,Southern Europe,Italia,Moncalieri,Piamonte
373,Europe,Western Europe,Bélgica,Seraing,Lieja
374,Europe,Eastern Europe,Ucrania,Kramators'k,Donetsk
375,Europe,Western Europe,Alemania,Kiel,Schleswig-Holstein
376,Europe,Northern Europe,Reino Unido,Sunderland,Inglaterra
377,Europe,Western Europe,Alemania,Augsburg,Bavaria
378,Europe,Western Europe,Francia,Cognac,Aquitania-Lemosín-Poitou-Charentes
379,Europe,Western Europe,Alemania,Castrop-Rauxel,Renania del Norte-Westfalia
380,Europe,Eastern Europe,Polonia,Bytom,Silesia
381,Latam,Central America,México,Durango,Durango
382,Latam,South America,Brasil,Serra,Espíritu Santo
383,Latam,Caribbean,República Dominicana,Santiago de los Caballeros,Santiago de Chile
384,Latam,Central America,El Salvador,San Salvador,San Salvador
385,Latam,Caribbean,Cuba,Pinar del Río,Pinar del Río
386,Latam,South America,Brasil,Araranguá,Santa Catarina
387,Latam,Central America,México,Juárez,Chihuahua
388,Latam,South America,Perú,Puno,Puno
389,Latam,South America,Brasil,Navegantes,Santa Catarina
390,Latam,Central America,México,Tampico,Tamaulipas
391,Latam,South America,Bolivia,La Paz,La Paz
392,Latam,Central America,Nicaragua,Matagalpa,Matagalpa
393,Latam,Central America,El Salvador,Cuscatancingo,San Salvador
394,Latam,South America,Brasil,Americana,São Paulo
395,Latam,South America,Brasil,Indaial,Santa Catarina
396,Latam,Central America,México,Tijuana,Baja California
397,Latam,Central America,México,Ciudad del Carmen,Campeche
398,Latam,South America,Brasil,Santana de Parnaíba,São Paulo
399,Latam,South America,Brasil,Limeira,São Paulo
400,Latam,South America,Venezuela,Valencia,Carabobo
401,Latam,South America,Chile,Santiago de Chile,Santiago de Chile
402,Latam,South America,Brasil,Macapá,Amapá
403,Latam,Caribbean,Jamaica,Portmore,Santa Caterina
404,Latam,Central America,México,Saltillo,Coahuila
405,Latam,Caribbean,Cuba,Guantánamo,Guantánamo
406,Latam,South America,Colombia,Cartago,Valle del Cauca
407,Latam,South America,Perú,Arequipa,Arequipa
408,Latam,Central America,México,Atlixco,Puebla
409,Latam,South America,Brasil,Rio Branco,Acre
410,Latam,South America,Perú,Ayacucho,Ayacucho
411,Latam,South America,Brasil,Vassouras,Río de Janeiro
412,Pacific Asia,South Asia,India,Hyderabad,Telangana
413,Pacific Asia,Eastern Asia,China,Jiangyan,Jiangsu
414,Pacific Asia,Oceania,Nueva Zelanda,Christchurch,Canterbury
415,Pacific Asia,Oceania,Nueva Zelanda,Masterton,Wellington
416,Pacific Asia,Eastern Asia,China,Daqing,Heilongjiang
417,Pacific Asia,Oceania,Australia,Albury,Nueva Gales del Sur
418,Pacific Asia,Southeast Asia,Filipinas,Valenzuela,Capital Nacional
419,Pacific Asia,Southeast Asia,Filipinas,Antipolo,Calabarzón
420,Pacific Asia,South Asia,Irán,Borujerd,Lorestan
421,Pacific Asia,West Asia,Turquía,Izmir,Izmir
422,Pacific Asia,Eastern Asia,China,Shulan,Jilin
423,Pacific Asia,West Asia,Turquía,Antalya,Antalya
424,Pacific Asia,West Asia,Yemen,Taizz,Taiz
425,Pacific Asia,Eastern Asia,China,Yangzhou,Jiangsu
426,Pacific Asia,Eastern Asia,Japón,Asahikawa,Hokkaido
427,Pacific Asia,Southeast Asia,Filipinas,Valencia,Mindanao Septentrional
428,Africa,North Africa,Marruecos,Khouribga,Chauía-Uardiga
429,Africa,West Africa,Ghana,Accra,Gran Accra
430,Africa,North Africa,Argelia,Boghni,Tizi Ouzou
431,Africa,North Africa,Marruecos,Meknes,Mequinez-Tafilalet
432,Africa,East Africa,Kenia,Thika,Central
433,Africa,North Africa,Sudán,Ad Diwem,Nilo Blanco
434,Africa,North Africa,Egipto,Alexandria,Alejandría
435,Africa,Central Africa,República Democrática del Congo,Kalemie,Katanga
436,Africa,North Africa,Sudán,Wad Madani,Gezira
437,Africa,East Africa,Somalia,Mogadishu,Benadir
438,Africa,West Africa,Guinea,Kindia,Kindia
439,Africa,North Africa,Marruecos,Taza,Taza-Alhucemas-Taunat
440,Africa,East Africa,Etiopía,Dire Dawa,Dire Dawa
441,Europe,Southern Europe,Italia,Turin,Piamonte
442,Europe,Western Europe,Alemania,Cologne,Renania del Norte-Westfalia
443,Europe,Eastern Europe,Rusia,Uvarovo,Tambov
444,Europe,Northern Europe,Reino Unido,Southend-on-Sea,Inglaterra
445,Europe,Northern Europe,Reino Unido,Widnes,Inglaterra
446,Europe,Western Europe,Francia,Carpentras,Provenza-Alpes-Costa Azul
447,Europe,Western Europe,Países Bajos,Utrecht,Utrecht
448,Europe,Western Europe,Bélgica,Genk,Limburgo
449,Europe,Northern Europe,Reino Unido,Gloucester,Inglaterra
450,Europe,Northern Europe,Finlandia,Helsinki,Uusimaa
451,Europe,Western Europe,Francia,Miramas,Provenza-Alpes-Costa Azul
452,Europe,Eastern Europe,Bulgaria,Sofia,Sofía-Ciudad
453,Europe,Southern Europe,España,Granada,Andalucía
454,Europe,Western Europe,Francia,Mont-Saint-Aignan,Normandía
455,Europe,Western Europe,Alemania,Berlín,Berlín
456,Europe,Southern Europe,Italia,Cagliari,Cerdeña
457,Europe,Western Europe,Alemania,Erftstadt,Renania del Norte-Westfalia
458,Europe,Northern Europe,Reino Unido,Harrow,Inglaterra
459,Europe,Southern Europe,Italia,Pescara,Abruzos
460,Europe,Western Europe,Francia,Tourcoing,Norte-Paso de Calais-Picardía
461,Europe,Southern Europe,Italia,Afragola,Campania
462,Europe,Eastern Europe,Ucrania,Lugansk,Lugansk
463,Europe,Northern Europe,Reino Unido,Doncaster,Inglaterra
464,Europe,Western Europe,Francia,Bry-sur-Marne,Isla de Francia
465,Europe,Western Europe,Bélgica,Charleroi,Henao
466,Europe,Western Europe,Francia,Niort,Aquitania-Lemosín-Poitou-Charentes
467,Europe,Southern Europe,Italia,Venice,Véneto
468,Europe,Western Europe,Alemania,Ulm,Baden-Wurtemberg
469,Europe,Northern Europe,Reino Unido,Cambridge,Inglaterra
470,Europe,Western Europe,Alemania,Siegen,Renania del Norte-Westfalia
471,Europe,Southern Europe,España,Las Rozas de Madrid,Madrid
472,Europe,Northern Europe,Reino Unido,Luton,Inglaterra
473,Europe,Western Europe,Francia,Verdun,Alsacia-Champaña-Ardenas-Lorena
474,Europe,Western Europe,Francia,Conflans-Sainte-Honorine,Isla de Francia
475,Europe,Southern Europe,Italia,Sesto San Giovanni,Lombardía
476,Europe,Western Europe,Francia,Bondy,Isla de Francia
477,Europe,Southern Europe,España,Valencia,Valenciana
478,Europe,Western Europe,Francia,Noisy-le-Grand,Isla de Francia
479,Europe,Southern Europe,España,Elx,Valenciana
480,Europe,Western Europe,Alemania,Gronau,Renania del Norte-Westfalia
481,Europe,Western Europe,Alemania,Frankfurt,Hesse
482,Europe,Northern Europe,Reino Unido,Rotherham,Inglaterra
483,Europe,Western Europe,Francia,Savigny-le-Temple,Isla de Francia
484,Europe,Western Europe,Francia,La Seyne-sur-Mer,Provenza-Alpes-Costa Azul
485,Pacific Asia,Eastern Asia,Japón,Fuji,Shizuoka
486,Pacific Asia,Eastern Asia,China,Suzhou,Anhui
487,Pacific Asia,Eastern Asia,Corea del Sur,Changwon,Gyeongsangnam
488,Pacific Asia,Eastern Asia,China,Baoding,Hebei
489,Pacific Asia,Oceania,Australia,Port Macquarie,Nueva Gales del Sur
490,Pacific Asia,South Asia,India,Vijayawada,Andhra Pradesh
491,Pacific Asia,Central Asia,Uzbekistán,Termez,Surjandarín
492,Pacific Asia,Central Asia,Kirguistán,Bishkek,Bishkek
493,Pacific Asia,Eastern Asia,China,Pekín,Pekín
494,Pacific Asia,South Asia,India,Thane,Maharashtra
495,Pacific Asia,South Asia,India,Mumbai,Maharashtra
496,Pacific Asia,South Asia,India,Durgapur,Bengala Occidental
497,Pacific Asia,Southeast Asia,Indonesia,Samarinda,Kalimantan Oriental
498,Pacific Asia,Southeast Asia,Filipinas,Bacolod City,Visayas Occidental
499,Pacific Asia,Oceania,Australia,Lismore,Nueva Gales del Sur
500,Pacific Asia,South Asia,India,Bhavnagar,Guyarat
501,Pacific Asia,Southeast Asia,Filipinas,Angeles City,Luzón Central
502,Pacific Asia,West Asia,Turquía,Corlu,Tekirdag
503,Pacific Asia,West Asia,Arabia Saudí,Jeddah,Meca
504,Pacific Asia,West Asia,Georgia,K'ut'aisi,Imericia
505,Pacific Asia,Eastern Asia,Japón,Hirakata,Osaka
506,Pacific Asia,Eastern Asia,China,Neijiang,Sichuan
507,Pacific Asia,Eastern Asia,China,Shanwei,Guangdong
508,Pacific Asia,Oceania,Nueva Zelanda,Waitakere,Auckland
509,Pacific Asia,South Asia,India,Mangalore,Karnataka
510,Pacific Asia,South Asia,Nepal,Kathmandu,Central
511,Pacific Asia,Southeast Asia,Indonesia,Kendari,Célebes Suroriental
512,Pacific Asia,Southeast Asia,Indonesia,Probolinggo,Java Oriental
513,Pacific Asia,Eastern Asia,China,Jixi,Heilongjiang
514,Pacific Asia,Oceania,Australia,Darwin,Territorio del Norte
515,Pacific Asia,South Asia,Irán,Rasht,Guilán
516,Pacific Asia,South Asia,Irán,Ahvaz,Juzestán
517,Europe,Western Europe,Alemania,Arnsberg,Renania del Norte-Westfalia
518,Europe,Southern Europe,Italia,Genoa,Liguria
519,Europe,Western Europe,Francia,Toulouse,Languedoc-Rosellón-Mediodía-Pirineos
520,Europe,Northern Europe,Reino Unido,Waterlooville,Inglaterra
521,Europe,Western Europe,Alemania,Leipzig,Sajonia
522,Europe,Western Europe,Francia,Vanves,Isla de Francia
523,Europe,Western Europe,Francia,Meyzieu,Auvernia-Ródano-Alpes
524,Europe,Western Europe,Francia,Mulhouse,Alsacia-Champaña-Ardenas-Lorena
525,Europe,Northern Europe,Reino Unido,Leicester,Inglaterra
526,Europe,Western Europe,Francia,Chelles,Isla de Francia
527,Europe,Southern Europe,España,Marbella,Andalucía
528,Europe,Southern Europe,Italia,Florence,Toscana
529,Europe,Eastern Europe,Rusia,Kashira,Moscú
530,Europe,Western Europe,Francia,Cholet,Países del Loira
531,Europe,Western Europe,Alemania,Bochum,Renania del Norte-Westfalia
532,Europe,Western Europe,Francia,Annecy,Auvernia-Ródano-Alpes
533,Europe,Western Europe,Alemania,Magdeburg,Sajonia-Anhalt
534,Europe,Western Europe,Bélgica,Amberes,Amberes
535,Europe,Eastern Europe,Rusia,Makhachkala,Daguestán
536,Europe,Eastern Europe,Rusia,Cheliábinsk,Cheliábinsk
537,Europe,Western Europe,Alemania,Brandenburgo,Brandenburgo
538,Europe,Western Europe,Alemania,Wetzlar,Hesse
539,Europe,Western Europe,Francia,Pertuis,Provenza-Alpes-Costa Azul
540,Europe,Southern Europe,España,Torrevieja,Valenciana
541,Europe,Western Europe,Francia,Cagnes-sur-Mer,Provenza-Alpes-Costa Azul
542,Europe,Western Europe,Francia,Nanterre,Isla de Francia
543,Europe,Western Europe,Francia,Vichy,Auvernia
544,Europe,Western Europe,Alemania,Lohne,Baja Sajonia
545,Europe,Western Europe,Francia,Le Mans,Países del Loira
546,Europe,Western Europe,Francia,Bordeaux,Aquitania-Lemosín-Poitou-Charentes
547,Europe,Eastern Europe,Rusia,Astracán,Astracán
548,Europe,Western Europe,Francia,Rouen,Normandía
549,Europe,Western Europe,Alemania,Stuttgart,Baden-Wurtemberg
550,Europe,Northern Europe,Reino Unido,Peterborough,Inglaterra
551,Europe,Southern Europe,Italia,Montecatini Terme,Toscana
552,Europe,Eastern Europe,Polonia,Warsaw,Mazovia
553,Europe,Southern Europe,España,Huelva,Andalucía
554,Europe,Southern Europe,Italia,Reggio nell'Emilia,Emilia-Romaña
555,Europe,Western Europe,Francia,Le Bouscat,Aquitania-Lemosín-Poitou-Charentes
556,Europe,Eastern Europe,Rusia,Derbent,Daguestán
557,Europe,Northern Europe,Reino Unido,Crewe,Inglaterra
558,Europe,Western Europe,Francia,Paris,Isla de Francia
559,Europe,Northern Europe,Reino Unido,Bognor Regis,Inglaterra
560,Europe,Western Europe,Francia,Biarritz,Aquitania-Lemosín-Poitou-Charentes
561,Europe,Western Europe,Francia,Aix-en-Provence,Provenza-Alpes-Costa Azul
562,Latam,South America,Brasil,Registro,São Paulo
563,Latam,South America,Brasil,Presidente Dutra,Marañón
564,Latam,Central America,Guatemala,Villa Canales,Guatemala
565,Latam,Central America,México,Jiutepec,Morelos
566,Latam,South America,Brasil,Brumado,Bahía
567,Latam,South America,Brasil,Teresópolis,Río de Janeiro
568,Latam,South America,Brasil,Guarulhos,São Paulo
569,Pacific Asia,West Asia,Turquía,Bornova,Izmir
570,Pacific Asia,West Asia,Turquía,Salihli,Manisa
571,Pacific Asia,West Asia,Israel,Tel Aviv,Tel Aviv
572,Pacific Asia,Central Asia,Kazajistán,Astaná,Astaná
573,Pacific Asia,Oceania,Australia,Launceston,Tasmania
574,Pacific Asia,South Asia,India,Ranchi,Jharkhand
575,Pacific Asia,Oceania,Nueva Zelanda,New Plymouth,Taranaki
576,Pacific Asia,Eastern Asia,China,Heyuan,Guangdong
577,Pacific Asia,South Asia,Irán,Saveh,Markazí
578,Pacific Asia,South Asia,India,Durg,Chhattisgarh
579,Pacific Asia,Southeast Asia,Filipinas,Makati,Capital Nacional
580,Pacific Asia,Eastern Asia,China,Xinyi,Guangdong
581,Pacific Asia,Eastern Asia,China,Lianzhou,Guangdong
582,Pacific Asia,West Asia,Turquía,Eskisehir,Eskisehir
583,Pacific Asia,Oceania,Australia,Armidale,Nueva Gales del Sur
584,Pacific Asia,Oceania,Australia,Tamworth,Nueva Gales del Sur
585,Pacific Asia,Southeast Asia,Indonesia,Jambi,Jambi
586,Pacific Asia,Eastern Asia,China,Xuzhou,Jiangsu
587,Pacific Asia,Eastern Asia,China,Wuhan,Hubei
588,Pacific Asia,Oceania,Australia,Hobart,Tasmania
589,Pacific Asia,West Asia,Turquía,Sincan,Ankara
590,Pacific Asia,Oceania,Australia,Mackay,Queensland
591,Pacific Asia,Eastern Asia,China,Yuci,Shanxi
592,Pacific Asia,Eastern Asia,Japón,Fukui,Fukui
593,Pacific Asia,Southeast Asia,Filipinas,Caloocan,Capital Nacional
594,Pacific Asia,West Asia,Irak,Basra,Basora
595,Pacific Asia,South Asia,India,Belgaum,Karnataka
596,Pacific Asia,Southeast Asia,Filipinas,Cainta,Calabarzón
597,Pacific Asia,Oceania,Nueva Zelanda,Auckland,Auckland
598,Pacific Asia,Oceania,Nueva Zelanda,Taupo,Waikato
599,Pacific Asia,South Asia,Pakistán,Gujranwala,Punyab
600,Pacific Asia,Central Asia,Kazajistán,Sarkand,Almaty
601,Pacific Asia,West Asia,Emiratos Árabes Unidos,Ajman,Ajmán
602,Pacific Asia,Eastern Asia,China,Zhuhai,Guangdong
603,Pacific Asia,Eastern Asia,Corea del Sur,Bucheon,Gyeonggi
604,Pacific Asia,Oceania,Nueva Zelanda,Nelson,Nelson
605,Pacific Asia,Eastern Asia,China,Yichun,Jiangxi
606,Pacific Asia,South Asia,India,Solapur,Maharashtra
607,Pacific Asia,Eastern Asia,China,Chongqing,Chongqing
608,Pacific Asia,Eastern Asia,China,Zhaoqing,Guangdong
609,Pacific Asia,Southeast Asia,Indonesia,Tegal,Java Central
610,Pacific Asia,South Asia,India,Bihar Sharif,Bihar
611,Pacific Asia,Eastern Asia,China,Taixing,Jiangsu
612,Pacific Asia,South Asia,Pakistán,Mardan,Jaiber Pajtunjuá
613,Pacific Asia,Eastern Asia,China,Xinzhou,Shanxi
614,Pacific Asia,Eastern Asia,China,Nanchong,Sichuan
615,Pacific Asia,Southeast Asia,Camboya,Nom Pen,Nom Pen
616,Pacific Asia,South Asia,India,Patna,Bihar
617,Pacific Asia,South Asia,India,Faridabad,Haryana
618,Pacific Asia,Oceania,Australia,Maryborough,Queensland
619,Pacific Asia,Eastern Asia,China,Huangshan,Anhui
620,Pacific Asia,Oceania,Australia,Kwinana,Australia Occidental
621,Pacific Asia,South Asia,India,Madurai,Tamil Nadu
622,Pacific Asia,Eastern Asia,China,Wenzhou,Zhejiang
623,Pacific Asia,Eastern Asia,China,Suzhou,Jiangsu
624,Pacific Asia,Eastern Asia,China,Chengdu,Sichuan
625,Pacific Asia,Eastern Asia,China,Huadian,Jilin
626,Pacific Asia,South Asia,India,Fatehpur,Rajastán
627,Pacific Asia,Eastern Asia,China,Yancheng,Jiangsu
628,Pacific Asia,Southeast Asia,Indonesia,Kediri,Java Oriental
629,Pacific Asia,Oceania,Australia,Coffs Harbour,Nueva Gales del Sur
630,Pacific Asia,Southeast Asia,Indonesia,Surakarta,Java Central
631,Pacific Asia,Southeast Asia,Filipinas,Bacoor,Calabarzón
632,Pacific Asia,Oceania,Australia,Bundaberg,Queensland
633,Pacific Asia,Southeast Asia,Malasia,Ipoh,Perak
634,Pacific Asia,Eastern Asia,China,Tongchuan,Sichuan
635,Pacific Asia,Eastern Asia,Corea del Sur,Goyang,Gyeonggi
636,Pacific Asia,Southeast Asia,Filipinas,Pasig,Capital Nacional
637,Pacific Asia,South Asia,India,Ichalkaranji,Maharashtra
638,Pacific Asia,Southeast Asia,Indonesia,Palembang,Sumatra Meridional
639,Pacific Asia,South Asia,India,Kota,Rajastán
640,Latam,South America,Brasil,São Bernardo do Campo,São Paulo
641,Latam,Central America,El Salvador,San Martín,Cuscatlán
642,Latam,Central America,México,Ocotlán,Jalisco
643,Pacific Asia,South Asia,Afganistán,Kabul,Kabul
644,Usca,Us Center,Estados Unidos,Tulsa,Oklahoma
645,Usca,West Of Usa,Estados Unidos,Moreno Valley,California
646,Africa,West Africa,Nigeria,Zaria,Kaduna
647,Africa,East Africa,Uganda,Kampala,Kampala
648,Africa,West Africa,Nigeria,Port Harcourt,Ríos
649,Africa,Southern Africa,SudAfrica,Johannesburg,Gauteng
650,Africa,West Africa,Nigeria,Minna,Níger
651,Africa,North Africa,Argelia,Constantina,Constantina
652,Africa,West Africa,Nigeria,Abakaliki,Ebonyi
653,Africa,Southern Africa,SudAfrica,Stellenbosch,Cabo Occidental
654,Africa,North Africa,Marruecos,Tangier,Tánger-Tetuán
655,Africa,Southern Africa,Lesoto,Maseru,Maseru
656,Africa,Southern Africa,SudAfrica,Soweto,Gauteng
657,Europe,Western Europe,Francia,Fontenay-aux-Roses,Isla de Francia
658,Europe,Southern Europe,España,Badalona,Cataluña
659,Europe,Northern Europe,Suecia,Gothenburg,Västra Götaland
660,Europe,Northern Europe,Reino Unido,Glasgow,Escocia
661,Europe,Southern Europe,Italia,Monza,Lombardía
662,Europe,Northern Europe,Reino Unido,Swindon,Inglaterra
663,Europe,Western Europe,Francia,Brest,Bretaña
664,Europe,Western Europe,Francia,Le Chesnay,Isla de Francia
665,Europe,Western Europe,Francia,Malakoff,Isla de Francia
666,Europe,Southern Europe,España,Valladolid,Castilla y León
667,Europe,Western Europe,Francia,Sevran,Isla de Francia
668,Europe,Western Europe,Francia,Vincennes,Isla de Francia
669,Europe,Western Europe,Francia,Caen,Normandía
670,Europe,Western Europe,Países Bajos,Nieuwegein,Utrecht
671,Europe,Northern Europe,Reino Unido,Darton,Inglaterra
672,Europe,Northern Europe,Reino Unido,Northampton,Inglaterra
673,Europe,Western Europe,Alemania,Halle,Renania del Norte-Westfalia
674,Europe,Eastern Europe,Ucrania,Dniprodzerzhyns'k,Dnipropetrovsk
675,Europe,Western Europe,Francia,Roissy-en-Brie,Isla de Francia
676,Europe,Western Europe,Francia,Brive-la-Gaillarde,Aquitania-Lemosín-Poitou-Charentes
677,Europe,Western Europe,Francia,Le Petit-Quevilly,Normandía
678,Europe,Western Europe,Alemania,Trier,Renania-Palatinado
679,Europe,Eastern Europe,Polonia,Gdansk,Pomerania
680,Europe,Western Europe,Alemania,Velbert,Renania del Norte-Westfalia
681,Europe,Western Europe,Francia,Avignon,Provenza-Alpes-Costa Azul
682,Europe,Northern Europe,Reino Unido,Preston,Inglaterra
683,Europe,Southern Europe,Italia,Trapani,Sicilia
684,Europe,Southern Europe,Italia,Aprilia,Lacio
685,Europe,Western Europe,Francia,Meudon,Isla de Francia
686,Europe,Eastern Europe,Ucrania,Mykolayiv,Mykolayiv
687,Europe,Northern Europe,Reino Unido,Colchester,Inglaterra
688,Europe,Southern Europe,Italia,Cosenza,Calabria
689,Europe,Western Europe,Bélgica,Hasselt,Limburgo
690,Europe,Western Europe,Alemania,Rostock,Mecklemburgo-Pomerania Occidental
691,Europe,Western Europe,Francia,Tours,Centro-Valle de Loira
692,Europe,Southern Europe,Italia,Altamura,Apulia
693,Europe,Western Europe,Francia,Toulon,Provenza-Alpes-Costa Azul
694,Europe,Northern Europe,Lituania,Vilna,Vilna
695,Europe,Northern Europe,Reino Unido,Lincoln,Inglaterra
696,Europe,Western Europe,Alemania,Aschaffenburg,Bavaria
697,Europe,Western Europe,Alemania,Bremen,Bremen
698,Europe,Western Europe,Alemania,Heidelberg,Baden-Wurtemberg
699,Europe,Southern Europe,España,Bilbao,País Vasco
700,Europe,Western Europe,Alemania,Wuppertal,Renania del Norte-Westfalia
701,Europe,Western Europe,Francia,Mont-de-Marsan,Aquitania-Lemosín-Poitou-Charentes
702,Europe,Northern Europe,Reino Unido,Stoke-on-Trent,Inglaterra
703,Europe,Western Europe,Francia,Garches,Isla de Francia
704,Europe,Southern Europe,Italia,Pozzuoli,Campania
705,Europe,Western Europe,Alemania,Zwickau,Sajonia
706,Europe,Western Europe,Alemania,Offenbach,Hesse
707,Europe,Eastern Europe,Ucrania,Dnipropetrovsk,Dnipropetrovsk
708,Europe,Western Europe,Francia,La Baule-Escoublac,Países del Loira
709,Europe,Northern Europe,Reino Unido,Wigan,Inglaterra
710,Europe,Western Europe,Francia,Mons-en-Baroeul,Norte-Paso de Calais-Picardía
711,Europe,Eastern Europe,Rumania,Timisoara,Timis
712,Europe,Western Europe,Suiza,Berne,Berna
713,Europe,Northern Europe,Reino Unido,Aberdeen,Escocia
714,Europe,Western Europe,Alemania,Celle,Baja Sajonia
715,Europe,Southern Europe,Italia,Treviso,Véneto
716,Europe,Western Europe,Francia,Le Blanc-Mesnil,Isla de Francia
717,Europe,Western Europe,Francia,Dijon,Borgoña-Franco Condado
718,Europe,Western Europe,Francia,Antony,Isla de Francia
719,Europe,Southern Europe,Italia,Carrara,Toscana
720,Europe,Eastern Europe,Hungría,Budapest,Budapest
721,Europe,Western Europe,Francia,Castres,Languedoc-Rosellón-Mediodía-Pirineos
722,Europe,Western Europe,Países Bajos,Doetinchem,Güeldres
723,Europe,Western Europe,Francia,Marignane,Provenza-Alpes-Costa Azul
724,Europe,Southern Europe,España,Pamplona,Navarra
725,Europe,Western Europe,Francia,Ajaccio,Corse
726,Europe,Northern Europe,Reino Unido,Garforth,Inglaterra
727,Europe,Western Europe,Alemania,Ingolstadt,Bavaria
728,Europe,Western Europe,Francia,Martigues,Provenza-Alpes-Costa Azul
729,Europe,Western Europe,Francia,Courbevoie,Isla de Francia
730,Europe,Western Europe,Francia,Franconville,Isla de Francia
731,Europe,Northern Europe,Dinamarca,Copenhagen,Región Capital
732,Europe,Western Europe,Francia,Mantes-la-Jolie,Isla de Francia
733,Europe,Western Europe,Alemania,Erlangen,Bavaria
734,Europe,Western Europe,Francia,Chaumont,Alsacia-Champaña-Ardenas-Lorena
735,Europe,Western Europe,Francia,Lannion,Bretaña
736,Europe,Southern Europe,España,Burgos,Castilla y León
737,Europe,Western Europe,Francia,Corbeil-Essonnes,Isla de Francia
738,Europe,Eastern Europe,Polonia,Dabrowa Gornicza,Silesia
739,Europe,Southern Europe,Portugal,Porto,Porto
740,Europe,Northern Europe,Reino Unido,Swansea,Gales
741,Europe,Western Europe,Alemania,Wolfsburg,Baja Sajonia
742,Europe,Western Europe,Francia,Versailles,Isla de Francia
743,Europe,Western Europe,Francia,Argenteuil,Isla de Francia
744,Europe,Western Europe,Países Bajos,Emmen,Drenthe
745,Europe,Western Europe,Alemania,Herten,Renania del Norte-Westfalia
746,Europe,Western Europe,Francia,Saint-Malo,Bretaña
747,Europe,Eastern Europe,Rusia,Blagoveshchensk,Amur
748,Europe,Southern Europe,España,Vitoria,País Vasco
749,Europe,Western Europe,Francia,Muret,Languedoc-Rosellón-Mediodía-Pirineos
750,Europe,Southern Europe,Italia,Bari,Apulia
751,Europe,Western Europe,Alemania,Essen,Renania del Norte-Westfalia
752,Europe,Western Europe,Francia,Clichy-sous-Bois,Isla de Francia
753,Europe,Western Europe,Francia,Gennevilliers,Isla de Francia
754,Europe,Northern Europe,Suecia,Karlstad,Värmland
755,Europe,Northern Europe,Reino Unido,Maidstone,Inglaterra
756,Europe,Western Europe,Austria,Salzburgo,Salzburgo
757,Europe,Western Europe,Alemania,Herford,Renania del Norte-Westfalia
758,Europe,Western Europe,Francia,Creil,Norte-Paso de Calais-Picardía
759,Europe,Western Europe,Alemania,Langenfeld,Renania del Norte-Westfalia
760,Europe,Western Europe,Francia,Saint-Germain-en-Laye,Isla de Francia
761,Europe,Western Europe,Francia,Rillieux-la-Pape,Auvernia-Ródano-Alpes
762,Europe,Western Europe,Francia,Mougins,Provenza-Alpes-Costa Azul
763,Europe,Western Europe,Francia,Rambouillet,Isla de Francia
764,Europe,Western Europe,Alemania,Dresden,Sajonia
765,Europe,Northern Europe,Finlandia,Espoo,Uusimaa
766,Europe,Western Europe,Francia,Aubervilliers,Isla de Francia
767,Latam,Caribbean,Haití,Carrefour,Ouest
768,Latam,South America,Brasil,Pirapora,Minas Gerais
769,Latam,South America,Argentina,Tartagal,Salta
770,Latam,Central America,Guatemala,Quetzaltenango,Quezaltenango
771,Latam,Central America,Panamá,Panama City,Panamá
772,Europe,Northern Europe,Reino Unido,Bolton,Inglaterra
773,Europe,Western Europe,Francia,Grigny,Isla de Francia
774,Europe,Northern Europe,Reino Unido,Great Yarmouth,Inglaterra
775,Europe,Western Europe,Francia,Calais,Norte-Paso de Calais-Picardía
776,Europe,Southern Europe,Italia,Gallarate,Lombardía
777,Europe,Western Europe,Francia,Chartres,Centro-Valle de Loira
778,Europe,Southern Europe,España,Torremolinos,Andalucía
779,Europe,Western Europe,Alemania,Chemnitz,Sajonia
780,Europe,Western Europe,Países Bajos,Zeist,Utrecht
781,Europe,Western Europe,Alemania,Friedrichshafen,Baden-Wurtemberg
782,Europe,Western Europe,Bélgica,Mechelen,Amberes
783,Europe,Southern Europe,Italia,Piacenza,Emilia-Romaña
784,Europe,Southern Europe,España,Palma de Mallorca,Islas Baleares
785,Europe,Western Europe,Francia,Le Havre,Normandía
786,Europe,Western Europe,Francia,Bayonne,Aquitania-Lemosín-Poitou-Charentes
787,Europe,Eastern Europe,Ucrania,Sumy,Sumy
788,Europe,Western Europe,Francia,Menton,Provenza-Alpes-Costa Azul
789,Europe,Southern Europe,Italia,Brescia,Lombardía
790,Europe,Eastern Europe,Rumania,Bacau,Bacau
791,Europe,Western Europe,Francia,Pantin,Isla de Francia
792,Europe,Southern Europe,Italia,Bologna,Emilia-Romaña
793,Europe,Northern Europe,Finlandia,Kotka,Kymenlaakso
794,Europe,Eastern Europe,Polonia,Opole,Opole
795,Europe,Western Europe,Francia,Sarcelles,Isla de Francia
796,Europe,Western Europe,Países Bajos,Oosterhout,Brabante Septentrional
797,Europe,Western Europe,Alemania,Heilbronn,Baden-Wurtemberg
798,Europe,Western Europe,Francia,Aulnay-sous-Bois,Isla de Francia
799,Europe,Western Europe,Francia,Vigneux-sur-Seine,Isla de Francia
800,Europe,Western Europe,Alemania,Recklinghausen,Renania del Norte-Westfalia
801,Europe,Northern Europe,Reino Unido,Stockton-on-Tees,Inglaterra
802,Europe,Southern Europe,Italia,Cerignola,Apulia
803,Europe,Western Europe,Francia,Clamart,Isla de Francia
804,Europe,Western Europe,Países Bajos,Veenendaal,Utrecht
805,Europe,Southern Europe,Italia,Carpi,Emilia-Romaña
806,Europe,Western Europe,Francia,Carcassonne,Languedoc-Rosellón-Mediodía-Pirineos
807,Europe,Western Europe,Alemania,Garbsen,Baja Sajonia
808,Europe,Western Europe,Francia,Dreux,Centro-Valle de Loira
809,Europe,Eastern Europe,Bielorrusia,Mazyr,Gómel
810,Europe,Northern Europe,Noruega,Sandnes,Rogaland
811,Europe,Southern Europe,Croacia,Rijeka,Primorje-Gorski Kotar
812,Europe,Southern Europe,Italia,Catania,Sicilia
813,Europe,Western Europe,Francia,La Teste-de-Buch,Aquitania-Lemosín-Poitou-Charentes
814,Europe,Western Europe,Francia,Tarbes,Languedoc-Rosellón-Mediodía-Pirineos
815,Europe,Western Europe,Francia,Pessac,Aquitania-Lemosín-Poitou-Charentes
816,Europe,Western Europe,Francia,Bayeux,Normandía
817,Europe,Western Europe,Francia,Ronchin,Norte-Paso de Calais-Picardía
818,Europe,Northern Europe,Reino Unido,Carlisle,Inglaterra
819,Europe,Northern Europe,Lituania,Kaunas,Kaunas
820,Europe,Northern Europe,Reino Unido,Rugby,Inglaterra
821,Europe,Eastern Europe,Ucrania,Vínnytsia,Vínnytsia
822,Europe,Northern Europe,Reino Unido,Derby,Inglaterra
823,Europe,Western Europe,Alemania,Dormagen,Renania del Norte-Westfalia
824,Europe,Western Europe,Suiza,Ginebra,Ginebra
825,Europe,Western Europe,Alemania,Gera,Turingia
826,Europe,Western Europe,Francia,Mantes-la-Ville,Isla de Francia
827,Europe,Northern Europe,Reino Unido,Bebington,Inglaterra
828,Europe,Southern Europe,Italia,Novara,Piamonte
829,Europe,Eastern Europe,Rusia,Angarsk,Irkutsk
830,Europe,Eastern Europe,Rumania,Ploiesti,Prahova
831,Europe,Northern Europe,Reino Unido,Loughborough,Inglaterra
832,Europe,Western Europe,Francia,Deuil-la-Barre,Isla de Francia
833,Europe,Eastern Europe,Ucrania,Járkov,Járkov
834,Europe,Southern Europe,España,Tarragona,Cataluña
835,Europe,Western Europe,Francia,Pontivy,Bretaña
836,Europe,Northern Europe,Reino Unido,Cheltenham,Inglaterra
837,Europe,Southern Europe,España,Zamora,Castilla y León
838,Europe,Western Europe,Francia,Villenave-d'Ornon,Aquitania-Lemosín-Poitou-Charentes
839,Europe,Western Europe,Francia,Le Plessis-Robinson,Isla de Francia
840,Europe,Western Europe,Francia,Roanne,Auvernia-Ródano-Alpes
841,Latam,South America,Argentina,Posadas,Misiones
842,Latam,Central America,México,Culiacán,Sinaloa
843,Latam,Caribbean,Cuba,Cienfuegos,Cienfuegos
844,Latam,South America,Brasil,Birigui,São Paulo
845,Pacific Asia,West Asia,Turquía,Denizli,Denizli
846,Pacific Asia,South Asia,India,Guwahati,Assam
847,Pacific Asia,Eastern Asia,China,Jinan,Shandong
848,Pacific Asia,West Asia,Turquía,Corum,Corum
849,Pacific Asia,South Asia,Pakistán,Rawalpindi,Punyab
850,Pacific Asia,Eastern Asia,China,Huainan,Anhui
851,Pacific Asia,Eastern Asia,China,Luoyang,Fujian
852,Pacific Asia,Eastern Asia,China,Hangzhou,Zhejiang
853,Pacific Asia,Eastern Asia,China,Huaiyin,Jiangsu
854,Pacific Asia,Eastern Asia,China,Guangshui,Hubei
855,Pacific Asia,Southeast Asia,Filipinas,Baguio City,Cordillera
856,Pacific Asia,Southeast Asia,Laos,Vientiane,Prefectura de Vientián
857,Pacific Asia,South Asia,India,Gwalior,Madhya Pradesh
858,Pacific Asia,Southeast Asia,Vietnam,Hanoi,Th? Dô Hà N?i
859,Pacific Asia,South Asia,India,Raipur,Uttarakhand
860,Pacific Asia,Eastern Asia,China,Yingcheng,Hubei
861,Pacific Asia,Central Asia,Uzbekistán,Qarshi,Kashkadar
862,Pacific Asia,South Asia,Irán,Zahedan,Sistán y Baluchistán
863,Pacific Asia,Eastern Asia,Japón,Anjo,Aichi
864,Pacific Asia,South Asia,Irán,Abadan,Juzestán
865,Pacific Asia,Eastern Asia,China,Anshan,Liaoning
866,Pacific Asia,Southeast Asia,Malasia,Kuala Terengganu,Trengganu
867,Pacific Asia,South Asia,India,Visakhapatnam,Andhra Pradesh
868,Pacific Asia,South Asia,India,Kollam,Kerala
869,Pacific Asia,West Asia,Baréin,Al Muharraq,Muharraq
870,Pacific Asia,Eastern Asia,China,Zaozhuang,Shandong
871,Pacific Asia,Eastern Asia,China,Xichang,Sichuan
872,Pacific Asia,Oceania,Australia,Dubbo,Nueva Gales del Sur
873,Pacific Asia,South Asia,India,Nellore,Andhra Pradesh
874,Pacific Asia,Oceania,Australia,Albany,Australia Occidental
875,Pacific Asia,Oceania,Australia,Mount Isa,Queensland
876,Usca,East Of Usa,Estados Unidos,Clinton,Maryland
877,Usca,Us Center,Estados Unidos,Oswego,Illinois
878,Usca,Us Center,Estados Unidos,Saint Charles,Illinois
879,Usca,South Of  Usa,Estados Unidos,Columbus,Georgia
880,Usca,Us Center,Estados Unidos,Decatur,Illinois
881,Usca,West Of Usa,Estados Unidos,Costa Mesa,California
882,Usca,South Of  Usa,Estados Unidos,Asheville,Carolina del Norte
883,Usca,South Of  Usa,Estados Unidos,Florence,Alabama
884,Usca,East Of Usa,Estados Unidos,Lowell,Massachusetts
885,Usca,East Of Usa,Estados Unidos,Akron,Ohio
886,Usca,Canada,Canada,London,Ontario
887,Usca,South Of  Usa,Estados Unidos,Springfield,Virginia
888,Usca,West Of Usa,Estados Unidos,Henderson,Nevada
889,Usca,Canada,Canada,North York,Ontario
890,Usca,Us Center,Estados Unidos,Grand Rapids,Michigan
891,Usca,Canada,Canada,Mississauga,Ontario
892,Usca,Us Center,Estados Unidos,Round Rock,Texas
893,Usca,Us Center,Estados Unidos,Arlington,Texas
894,Usca,West Of Usa,Estados Unidos,San Diego,California
895,Usca,West Of Usa,Estados Unidos,Tucson,Arizona
896,Usca,Us Center,Estados Unidos,Detroit,Michigan
897,Usca,Us Center,Estados Unidos,Minneapolis,Minnesota
898,Usca,South Of  Usa,Estados Unidos,Charlotte,Carolina del Norte
899,Usca,Canada,Canada,Windsor,Ontario
900,Usca,South Of  Usa,Estados Unidos,Newport News,Virginia
901,Usca,East Of Usa,Estados Unidos,Oceanside,Nueva York
902,Usca,Canada,Canada,Surrey,Columbia británica
903,Usca,Us Center,Estados Unidos,San Antonio,Texas
904,Usca,Us Center,Estados Unidos,Omaha,Nebraska
905,Usca,East Of Usa,Estados Unidos,Baltimore,Maryland
906,Usca,Us Center,Estados Unidos,Dallas,Texas
907,Usca,Canada,Canada,Calgary,Alberta
908,Usca,Us Center,Estados Unidos,Jackson,Michigan
909,Usca,East Of Usa,Estados Unidos,Columbus,Ohio
910,Usca,Us Center,Estados Unidos,Chicago,Illinois
911,Usca,East Of Usa,Estados Unidos,Waterbury,Connecticut
912,Usca,South Of  Usa,Estados Unidos,Henderson,Kentucky
913,Usca,West Of Usa,Estados Unidos,Parker,Colorado
914,Usca,West Of Usa,Estados Unidos,Fairfield,California
915,Africa,North Africa,Egipto,Fayún,Fayún
916,Europe,Northern Europe,Reino Unido,Bournemouth,Inglaterra
917,Europe,Western Europe,Francia,Argentan,Normandía
918,Europe,Western Europe,Francia,Saint-Michel-sur-Orge,Isla de Francia
919,Europe,Western Europe,Bélgica,Ghent,Flanders Oriental
920,Europe,Western Europe,Francia,Maisons-Alfort,Isla de Francia
921,Europe,Northern Europe,Reino Unido,Solihull,Inglaterra
922,Europe,Western Europe,Francia,Perpignan,Languedoc-Rosellón-Mediodía-Pirineos
923,Europe,Eastern Europe,Rusia,Ufa,Bashkortostán
924,Europe,Southern Europe,Macedonia,Kumanovo,Kumanovo
925,Europe,Western Europe,Francia,Athis-Mons,Isla de Francia
926,Europe,Western Europe,Países Bajos,Almelo,Overijssel
927,Europe,Northern Europe,Dinamarca,Odense,Dinamarca Meridional
928,Europe,Western Europe,Alemania,Bergheim,Renania del Norte-Westfalia
929,Europe,Western Europe,Países Bajos,Rotterdam,Holanda Meridional
930,Europe,Eastern Europe,Rusia,Kaliningrado,Kaliningrado
931,Europe,Southern Europe,Italia,Bergamo,Lombardía
932,Europe,Southern Europe,Italia,Foggia,Apulia
933,Europe,Western Europe,Alemania,Mainz,Renania-Palatinado
934,Europe,Eastern Europe,Ucrania,Kryvyy Rih,Dnipropetrovsk
935,Europe,Southern Europe,Portugal,Vila Nova de Gaia,Porto
936,Europe,Western Europe,Francia,Fontaine,Auvernia-Ródano-Alpes
937,Europe,Western Europe,Francia,Issy-les-Moulineaux,Isla de Francia
938,Europe,Western Europe,Países Bajos,Apeldoorn,Güeldres
939,Europe,Eastern Europe,Polonia,Slupsk,Pomerania
940,Europe,Northern Europe,Dinamarca,Frederiksberg,Región Capital
941,Europe,Southern Europe,Croacia,Zagreb,Grad Zagreb
942,Europe,Western Europe,Francia,Le Creusot,Borgoña-Franco Condado
943,Europe,Northern Europe,Reino Unido,Huddersfield,Inglaterra
944,Europe,Western Europe,Alemania,Hamm,Renania del Norte-Westfalia
945,Europe,Western Europe,Francia,Marly-le-Roi,Isla de Francia
946,Europe,Western Europe,Países Bajos,Leeuwarden,Frisia
947,Europe,Eastern Europe,Rusia,Budënnovsk,Stávropol
948,Europe,Northern Europe,Reino Unido,Dundee,Escocia
949,Europe,Western Europe,Francia,Bezons,Isla de Francia
950,Europe,Western Europe,Francia,Douarnenez,Bretaña
951,Europe,Eastern Europe,Rumania,Constanza,Constanza
952,Europe,Southern Europe,Italia,Guidonia Montecelio,Lacio
953,Europe,Western Europe,Francia,Viroflay,Isla de Francia
954,Europe,Western Europe,Alemania,Freiburg,Baden-Wurtemberg
955,Europe,Northern Europe,Noruega,Hamar,Hedmark
956,Europe,Western Europe,Francia,Lyon,Auvernia-Ródano-Alpes
957,Europe,Western Europe,Francia,Saint-Quentin,Norte-Paso de Calais-Picardía
958,Europe,Western Europe,Francia,Bagneux,Isla de Francia
959,Europe,Western Europe,Suiza,San Galo,San Galo
960,Europe,Western Europe,Alemania,Bayreuth,Bavaria
961,Europe,Eastern Europe,Bulgaria,Varna,Varna
962,Europe,Western Europe,Francia,Soissons,Norte-Paso de Calais-Picardía
963,Europe,Eastern Europe,República Checa,Ostrava,Moravia-Silesia
964,Europe,Eastern Europe,República Checa,Liberec,Liberec
965,Europe,Western Europe,Suiza,Zurich,Zúrich
966,Europe,Western Europe,Francia,Pau,Aquitania-Lemosín-Poitou-Charentes
967,Europe,Southern Europe,Italia,Capua,Campania
968,Europe,Eastern Europe,Rusia,Ivanovo,Ivanovo
969,Europe,Southern Europe,España,Melilla,Melilla
970,Europe,Eastern Europe,Rusia,Kaluga,Kaluga
971,Europe,Southern Europe,España,Getafe,Madrid
972,Europe,Western Europe,Alemania,Munster,Baja Sajonia
973,Europe,Western Europe,Francia,Arles,Provenza-Alpes-Costa Azul
974,Europe,Eastern Europe,Ucrania,Poltava,Poltava
975,Europe,Northern Europe,Reino Unido,Basildon,Inglaterra
976,Europe,Northern Europe,Suecia,Upsala,Upsala
977,Europe,Western Europe,Suiza,Winterthur,Zúrich
978,Europe,Southern Europe,Italia,Grosseto,Toscana
979,Pacific Asia,South Asia,Irán,Aligudarz,Lorestan
980,Pacific Asia,Southeast Asia,Malasia,Taiping,Perak
981,Pacific Asia,West Asia,Arabia Saudí,Medina,Medina
982,Pacific Asia,South Asia,India,Chennai,Tamil Nadu
983,Pacific Asia,Southeast Asia,Malasia,Kuala Lumpur,Kuala Lumpur
984,Pacific Asia,West Asia,Irak,Ad Diwaniyah,Cadisia
985,Pacific Asia,Eastern Asia,Japón,Kita-ku,Hyogo
986,Pacific Asia,Eastern Asia,Japón,Himeji,Hyogo
987,Pacific Asia,Oceania,Australia,Wagga Wagga,Nueva Gales del Sur
988,Pacific Asia,South Asia,Pakistán,Bahawalpur,Punyab
989,Pacific Asia,West Asia,Irak,Arbil,Arbil
990,Pacific Asia,Eastern Asia,China,Xi'an,Shaanxi
991,Pacific Asia,Eastern Asia,Japón,Nishinomiya,Hyogo
992,Pacific Asia,South Asia,Irán,Shiraz,Fars
993,Pacific Asia,South Asia,India,Bokaro,Jharkhand
994,Pacific Asia,Oceania,Nueva Zelanda,Wellington,Wellington
995,Pacific Asia,South Asia,India,Malegaon,Maharashtra
996,Pacific Asia,Eastern Asia,China,Liaocheng,Shandong
997,Pacific Asia,Eastern Asia,China,Zhengzhou,Henan
998,Pacific Asia,Eastern Asia,China,Taizhou,Jiangsu
999,Pacific Asia,South Asia,Bangladés,Chittagong,Chittagong
1000,Pacific Asia,South Asia,India,Thiruvananthapuram,Kerala
1001,Pacific Asia,Eastern Asia,Japón,Atsugacho,Hokkaido
1002,Pacific Asia,Eastern Asia,China,Zhanjiang,Guangdong
1003,Pacific Asia,South Asia,Afganistán,Jalalabad,Nangarhar
1004,Pacific Asia,West Asia,Turquía,Soma,Manisa
1005,Pacific Asia,Oceania,Nueva Zelanda,Rotorua,Bay of Plenty
1006,Pacific Asia,South Asia,India,Agra,Uttar Pradesh
1007,Pacific Asia,Southeast Asia,Malasia,Kuantan,Pahang
1008,Pacific Asia,Eastern Asia,China,Yangjiang,Guangdong
1009,Pacific Asia,West Asia,Georgia,Tiflis,Tiflis
1010,Pacific Asia,West Asia,Irak,Mosul,Nínive
1011,Pacific Asia,Eastern Asia,China,Xiaogan,Hubei
1012,Pacific Asia,South Asia,Irán,Zanyán,Zanyán
1013,Pacific Asia,Eastern Asia,China,Jincheng,Shanxi
1014,Pacific Asia,Southeast Asia,Indonesia,Depok,Java Occidental
1015,Pacific Asia,West Asia,Turquía,Mamak,Ankara
1016,Pacific Asia,Eastern Asia,China,Nanchang,Jiangxi
1017,Pacific Asia,Eastern Asia,China,Mianyang,Sichuan
1018,Pacific Asia,Eastern Asia,China,Xianyang,Shaanxi
1019,Pacific Asia,Eastern Asia,China,Luoyang,Guangdong
1020,Pacific Asia,Oceania,Australia,Nowra,Nueva Gales del Sur
1021,Pacific Asia,Southeast Asia,Indonesia,Denpasar,Bali
1022,Pacific Asia,Eastern Asia,China,Nanyang,Henan
1023,Pacific Asia,Eastern Asia,Corea del Sur,Daejeon,Daejeon
1024,Pacific Asia,Eastern Asia,China,Changzhou,Jiangsu
1025,Pacific Asia,Oceania,Nueva Zelanda,Gisborne,Gisborne
1026,Pacific Asia,South Asia,Sri Lanka,Colombo,Occidental
1027,Pacific Asia,Eastern Asia,Japón,Takatsuki,Osaka
1028,Pacific Asia,Oceania,Australia,Devonport,Tasmania
1029,Pacific Asia,Southeast Asia,Vietnam,Rach Gia,Kiên Giang
1030,Pacific Asia,South Asia,Irán,Bandar Abbas,Hormozgán
1031,Usca,South Of  Usa,Estados Unidos,Alexandria,Virginia
1032,Usca,South Of  Usa,Estados Unidos,Huntsville,Alabama
1033,Usca,East Of Usa,Estados Unidos,Newark,Delaware
1034,Usca,South Of  Usa,Estados Unidos,Memphis,Tennessee
1035,Usca,South Of  Usa,Estados Unidos,Fayetteville,Arkansas
1036,Usca,South Of  Usa,Estados Unidos,Richmond,Virginia
1037,Usca,South Of  Usa,Estados Unidos,Richmond,Kentucky
1038,Usca,Us Center,Estados Unidos,Springfield,Misuri
1039,Usca,South Of  Usa,Estados Unidos,Lakeland,Florida
1040,Usca,East Of Usa,Estados Unidos,Auburn,Nueva York
1041,Usca,East Of Usa,Estados Unidos,Springfield,Ohio
1042,Usca,Us Center,Estados Unidos,Pharr,Texas
1043,Usca,East Of Usa,Estados Unidos,Hempstead,Nueva York
1044,Usca,South Of  Usa,Estados Unidos,Louisville,Kentucky
1045,Usca,Us Center,Estados Unidos,Wichita,Kansas
1046,Usca,Us Center,Estados Unidos,Fort Worth,Texas
1047,Usca,East Of Usa,Estados Unidos,Columbia,Maryland
1048,Usca,South Of  Usa,Estados Unidos,Atlanta,Georgia
1049,Usca,Us Center,Estados Unidos,Odessa,Texas
1050,Usca,Canada,Canada,Saanich,Columbia británica
1051,Usca,West Of Usa,Estados Unidos,Las Vegas,Nevada
1052,Usca,West Of Usa,Estados Unidos,Morgan Hill,California
1053,Usca,West Of Usa,Estados Unidos,Portland,Oregón
1054,Usca,East Of Usa,Estados Unidos,Buffalo,Nueva York
1055,Usca,Us Center,Estados Unidos,Amarillo,Texas
1056,Usca,South Of  Usa,Estados Unidos,Tampa,Florida
1057,Usca,Us Center,Estados Unidos,Frisco,Texas
1058,Usca,South Of  Usa,Estados Unidos,Jacksonville,Carolina del Norte
1059,Usca,South Of  Usa,Estados Unidos,Tallahassee,Florida
1060,Usca,East Of Usa,Estados Unidos,Lewiston,Maine
1061,Usca,South Of  Usa,Estados Unidos,Port Saint Lucie,Florida
1062,Usca,Us Center,Estados Unidos,Saint Louis,Misuri
1063,Usca,East Of Usa,Estados Unidos,Lawrence,Massachusetts
1064,Usca,Canada,Canada,Saskatoon,Saskatchewan
1065,Usca,West Of Usa,Estados Unidos,Redmond,Oregón
1066,Usca,South Of  Usa,Estados Unidos,Fayetteville,Carolina del Norte
1067,Usca,East Of Usa,Estados Unidos,Rome,Nueva York
1068,Africa,Central Africa,Camerún,Edea,Littoral
1069,Africa,East Africa,Zimbabue,Chitungwiza,Harare
1070,Africa,East Africa,Zimbabue,Harare,Harare
1071,Africa,Central Africa,República Democrática del Congo,Lubumbashi,Katanga
1072,Africa,West Africa,Benín,Djougou,Donga
1073,Africa,East Africa,Eritrea,Keren,Anseba
1074,Africa,West Africa,Burkina Faso,Ouagadougou,Centro
1075,Europe,Western Europe,Alemania,Ennigerloh,Renania del Norte-Westfalia
1076,Europe,Western Europe,Alemania,Solingen,Renania del Norte-Westfalia
1077,Europe,Southern Europe,Italia,Naples,Campania
1078,Europe,Western Europe,Alemania,Langen,Baja Sajonia
1079,Europe,Eastern Europe,Rumania,Ramnicu Valcea,Vâlcea
1080,Europe,Northern Europe,Reino Unido,Mansfield,Inglaterra
1081,Europe,Western Europe,Francia,Montmorency,Isla de Francia
1082,Europe,Western Europe,Alemania,Oldenburg,Baja Sajonia
1083,Europe,Western Europe,Francia,Ivry-sur-Seine,Isla de Francia
1084,Europe,Western Europe,Francia,Saint-Denis,Isla de Francia
1085,Europe,Northern Europe,Reino Unido,Poole,Inglaterra
1086,Europe,Western Europe,Francia,Boulogne-sur-Mer,Norte-Paso de Calais-Picardía
1087,Europe,Western Europe,Francia,Champigny-sur-Marne,Isla de Francia
1088,Europe,Eastern Europe,Bielorrusia,Brest,Brest
1089,Pacific Asia,Eastern Asia,China,Suihua,Heilongjiang
1090,Pacific Asia,Eastern Asia,China,Wuchuan,Guangdong
1091,Pacific Asia,South Asia,India,Rohtak,Haryana
1092,Pacific Asia,Southeast Asia,Filipinas,San Jose del Monte,Luzón Central
1093,Latam,South America,Brasil,Santa Rosa,Rio Grande do Sul
1094,Latam,Central America,Nicaragua,Masaya,Masaya
1095,Latam,Central America,El Salvador,Soyapango,San Salvador
1096,Latam,South America,Colombia,Medellín,Antioquía
1097,Latam,Central America,Costa Rica,Nicoya,Guanacaste
1098,Latam,South America,Brasil,Ribeirão Preto,São Paulo
1099,Latam,Central America,Nicaragua,Estelí,Estelí
1100,Latam,South America,Brasil,Itapevi,São Paulo
1101,Latam,South America,Bolivia,Oruro,Oruro
1102,Latam,Central America,México,Progreso,Yucatán
1103,Latam,South America,Brasil,Curitiba,Paraná
1104,Latam,Central America,México,Toluca,México
1105,Latam,South America,Brasil,Fortaleza,Ceará
1106,Latam,South America,Argentina,Avellaneda,Santa Fe
1107,Latam,Central America,México,Azcapotzalco,Distrito Federal
1108,Africa,West Africa,Benín,Porto-Novo,Ouémé
1109,Pacific Asia,West Asia,Turquía,Nigde,Nigde
1110,Pacific Asia,West Asia,Turquía,Ardahan,Ardahan
1111,Pacific Asia,West Asia,Turquía,Maltepe,Estambul
1112,Europe,Eastern Europe,Rusia,Magnitogorsk,Cheliábinsk
1113,Africa,Central Africa,República Democrática del Congo,Kananga,Kasai Occidental
1114,Europe,Eastern Europe,Polonia,Poznan,Gran Polonia
1115,Africa,Central Africa,República Democrática del Congo,Mbandaka,Équateur
1116,Pacific Asia,West Asia,Turquía,Akhisar,Manisa
1117,Africa,West Africa,Ghana,Tamale,Septentrional
1118,Pacific Asia,West Asia,Turquía,Sanliurfa,Sanliurfa
1119,Pacific Asia,West Asia,Turquía,Kahramanmara?,Kahramanmara?
1120,Pacific Asia,West Asia,Turquía,Ankara,Ankara
1121,Pacific Asia,West Asia,Israel,Haifa,Haifa
1122,Usca,Canada,Canada,Toronto,Ontario
1123,Africa,North Africa,Marruecos,Rabat,Rabat-Salé-Zemur-Zaer
1124,Africa,West Africa,Nigeria,Kaduna,Kaduna
1125,Pacific Asia,West Asia,Turquía,Uskudar,Estambul
1126,Africa,West Africa,Senegal,Thies Nones,Thiès
1127,Africa,North Africa,Argelia,Orán,Orán
1128,Usca,West Of Usa,Estados Unidos,Sacramento,California
1129,Usca,South Of  Usa,Estados Unidos,Clarksville,Tennessee
1130,Usca,Us Center,Estados Unidos,Noblesville,Indiana
1131,Usca,East Of Usa,Estados Unidos,Lakewood,Nueva Jersey
1132,Usca,East Of Usa,Estados Unidos,Wheeling,Virginia Occidental
1133,Usca,East Of Usa,Estados Unidos,Chester,Pensilvania
1134,Usca,West Of Usa,Estados Unidos,Spokane,Washington
1135,Usca,East Of Usa,Estados Unidos,Cambridge,Massachusetts
1136,Usca,South Of  Usa,Estados Unidos,Little Rock,Arkansas
1137,Usca,South Of  Usa,Estados Unidos,Jackson,Misisipi
1138,Usca,East Of Usa,Estados Unidos,Medina,Ohio
1139,Usca,East Of Usa,Estados Unidos,Wilmington,Delaware
1140,Usca,Us Center,Estados Unidos,Broken Arrow,Oklahoma
1141,Usca,South Of  Usa,Estados Unidos,Chesapeake,Virginia
1142,Usca,West Of Usa,Estados Unidos,Englewood,Colorado
1143,Usca,West Of Usa,Estados Unidos,Phoenix,Arizona
1144,Usca,South Of  Usa,Estados Unidos,Southaven,Misisipi
1145,Usca,West Of Usa,Estados Unidos,Redlands,California
1146,Usca,Us Center,Estados Unidos,Quincy,Illinois
1147,Usca,Us Center,Estados Unidos,Saint Paul,Minnesota
1148,Usca,South Of  Usa,Estados Unidos,Harrisonburg,Virginia
1149,Usca,Us Center,Estados Unidos,New Albany,Indiana
1150,Pacific Asia,Oceania,Australia,Griffith,Nueva Gales del Sur
1151,Pacific Asia,Eastern Asia,China,Fushun,Liaoning
1152,Pacific Asia,South Asia,India,Moradabad,Uttar Pradesh
1153,Pacific Asia,South Asia,India,Nagercoil,Tamil Nadu
1154,Pacific Asia,Eastern Asia,China,Yunyang,Henan
1155,Pacific Asia,South Asia,India,Kulti,Bengala Occidental
1156,Pacific Asia,South Asia,India,Imphal,Manipur
1157,Europe,Southern Europe,Italia,Pisa,Toscana
1158,Europe,Southern Europe,Portugal,Amadora,Lisboa
1159,Europe,Western Europe,Países Bajos,Tilburg,Brabante Septentrional
1160,Europe,Western Europe,Alemania,Naumburg,Sajonia-Anhalt
1161,Europe,Southern Europe,España,Valdemoro,Madrid
1162,Europe,Western Europe,Francia,Olivet,Centro-Valle de Loira
1163,Europe,Western Europe,Francia,Epinal,Alsacia-Champaña-Ardenas-Lorena
1164,Europe,Southern Europe,Italia,Avellino,Campania
1165,Europe,Western Europe,Países Bajos,Schiedam,Holanda Meridional
1166,Europe,Southern Europe,Italia,Ravenna,Emilia-Romaña
1167,Europe,Western Europe,Francia,Flers,Normandía
1168,Europe,Western Europe,Alemania,Emden,Baja Sajonia
1169,Europe,Southern Europe,Italia,Rimini,Emilia-Romaña
1170,Latam,South America,Brasil,Surubim,Pernambuco
1171,Latam,South America,Brasil,Pontes e Lacerda,Mato Grosso
1172,Latam,Central America,México,Coyoacán,Distrito Federal
1173,Latam,South America,Colombia,Arauca,Arauca
1174,Latam,Central America,Honduras,Choloma,Cortés
1175,Latam,Central America,México,Soledad Díez Gutiérrez,San Luis Potosí
1176,Latam,South America,Argentina,San Rafael,Mendoza
1177,Latam,Central America,México,Milpa Alta,Distrito Federal
1178,Latam,South America,Brasil,Feira de Santana,Bahía
1179,Latam,South America,Brasil,Francisco Beltrão,Paraná
1180,Latam,South America,Brasil,Araguaína,Tocantins
1181,Latam,Caribbean,Cuba,San José de las Lajas,Mayabeque
1182,Latam,Central America,México,San Pablo de las Salinas,México
1183,Latam,Central America,México,Gómez Palacio,Durango
1184,Latam,South America,Brasil,Eunápolis,Bahía
1185,Latam,Caribbean,Cuba,Palma Soriano,Santiago de Cuba
1186,Latam,South America,Colombia,Neiva,Huila
1187,Latam,Caribbean,Cuba,Matanzas,Matanzas
1188,Latam,South America,Colombia,Bello,Antioquía
1189,Latam,Caribbean,Cuba,Santa Clara,Villa Clara
1190,Latam,South America,Brasil,Betim,Minas Gerais
1191,Latam,South America,Chile,Puerto Montt,Los Lagos
1192,Latam,South America,Brasil,Anápolis,Goiás
1193,Latam,Central America,El Salvador,Santa Ana,Santa Ana
1194,Latam,Central America,México,Morelia,Michoacán
1195,Latam,South America,Venezuela,Puerto La Cruz,Anzoátegui
1196,Latam,Caribbean,República Dominicana,La Romana,La Romana
1197,Latam,Caribbean,República Dominicana,Santa Cruz de Barahona,Barahona
1198,Latam,South America,Brasil,Barra Mansa,Río de Janeiro
1199,Latam,South America,Brasil,Salvador,Bahía
1200,Latam,South America,Brasil,João Pessoa,Paraíba
1201,Latam,Central America,México,Nuevo Laredo,Tamaulipas
1202,Latam,South America,Ecuador,Santo Domingo de los Colorados,Pichincha
1203,Latam,Caribbean,República Dominicana,La Vega,La Vega
1204,Latam,South America,Colombia,Santa Marta,Magdalena
1205,Latam,South America,Argentina,Mendoza,Mendoza
1206,Pacific Asia,West Asia,Turquía,Bagcilar,Estambul
1207,Europe,Eastern Europe,Ucrania,Ivano-Frankivs'k,Ivano-Frankivsk
1208,Africa,East Africa,Tanzania,Mwanza,Mwanza
1209,Africa,North Africa,Libia,Benghazi,Bengasi
1210,Europe,Eastern Europe,Rusia,Arkhangelsk,Arjánguelsk
1211,Pacific Asia,West Asia,Arabia Saudí,Jizán,Jizán
1212,Europe,Southern Europe,Italia,Tivoli,Lacio
1213,Europe,Western Europe,Francia,Cachan,Isla de Francia
1214,Europe,Western Europe,Francia,Les Pavillons-sous-Bois,Isla de Francia
1215,Europe,Eastern Europe,Polonia,Lodz,Lodz
1216,Europe,Eastern Europe,Ucrania,Kremenchuk,Poltava
1217,Europe,Western Europe,Francia,Villeneuve-d'Ascq,Norte-Paso de Calais-Picardía
1218,Europe,Eastern Europe,Polonia,Radom,Mazovia
1219,Europe,Western Europe,Francia,Bourgoin-Jallieu,Auvernia-Ródano-Alpes
1220,Europe,Western Europe,Alemania,Hildesheim,Baja Sajonia
1221,Europe,Western Europe,Francia,Villiers-sur-Marne,Isla de Francia
1222,Europe,Southern Europe,Italia,Marina di Carrara,Toscana
1223,Europe,Northern Europe,Lituania,Siauliai,iauliai
1224,Europe,Northern Europe,Reino Unido,Blackpool,Inglaterra
1225,Europe,Western Europe,Países Bajos,Heerlen,Limburgo
1226,Europe,Northern Europe,Suecia,Solna,Estocolmo
1227,Europe,Western Europe,Francia,Domont,Isla de Francia
1228,Europe,Western Europe,Francia,Puteaux,Isla de Francia
1229,Europe,Western Europe,Alemania,Erfurt,Turingia
1230,Latam,South America,Argentina,Santa Fe,Santa Fe
1231,Latam,Central America,México,San Francisco del Rincón,Guanajuato
1232,Latam,South America,Brasil,Porto Alegre,Rio Grande do Sul
1233,Latam,Central America,México,Miguel Hidalgo,Distrito Federal
1234,Latam,Central America,México,Heroica Zitácuaro,Michoacán
1235,Latam,Central America,México,Veracruz,Veracruz
1236,Latam,Central America,Honduras,Choluteca,Choluteca
1237,Latam,South America,Brasil,Resende,Río de Janeiro
1238,Latam,Central America,México,San Cristóbal de Las Casas,Chiapas
1239,Latam,Central America,México,Tuxtla Gutiérrez,Chiapas
1240,Latam,South America,Brasil,Mossoró,Río Grande del Norte
1241,Latam,Central America,México,Celaya,Guanajuato
1242,Latam,Caribbean,Haití,Gonaïves,Artibonito
1243,Latam,Caribbean,Cuba,Sancti Spíritus,Sancti Spíritus
1244,Latam,South America,Colombia,Armenia,Quindío
1245,Latam,Central America,México,Metepec,México
1246,Latam,Central America,México,Tulancingo,Hidalgo
1247,Latam,South America,Brasil,Castanhal,Pará
1248,Latam,South America,Colombia,Bucaramanga,Santander
1249,Latam,South America,Colombia,Soledad,Atlántico
1250,Latam,Central America,México,Acuña,Coahuila
1251,Latam,South America,Brasil,Itaúna,Minas Gerais
1252,Latam,Caribbean,Trinidad y Tobago,San Fernando,San Fernando
1253,Latam,South America,Venezuela,El Limón,Aragua
1254,Latam,South America,Colombia,Barranquilla,Atlántico
1255,Latam,Central America,México,Poza Rica de Hidalgo,Veracruz
1256,Latam,South America,Brasil,Altamira,Pará
1257,Latam,Central America,México,Mexicali,Baja California
1258,Latam,South America,Brasil,Ponte Nova,Minas Gerais
1259,Latam,South America,Argentina,San Juan,San Juan
1260,Latam,Caribbean,Cuba,Manzanillo,Granma
1261,Latam,South America,Perú,Callao,Callao
1262,Latam,South America,Colombia,Montenegro,Quindío
1263,Latam,South America,Brasil,Caxias do Sul,Rio Grande do Sul
1264,Latam,Central America,El Salvador,Delgado,San Salvador
1265,Latam,South America,Brasil,Blumenau,Santa Catarina
1266,Latam,South America,Uruguay,Las Piedras,Canelones
1267,Latam,Central America,Panamá,Colón,Colón
1268,Latam,South America,Brasil,Teresina,Piauí
1269,Pacific Asia,West Asia,Turquía,Gaziantep,Gaziantep
1270,Pacific Asia,Eastern Asia,Corea del Sur,Busan,Busan
1271,Pacific Asia,West Asia,Turquía,Konya,Konya
1272,Pacific Asia,Oceania,Australia,Bunbury,Australia Occidental
1273,Pacific Asia,South Asia,India,Surat,Guyarat
1274,Pacific Asia,Eastern Asia,China,Laiyang,Shandong
1275,Pacific Asia,South Asia,India,Bhatpara,Bengala Occidental
1276,Pacific Asia,South Asia,Irán,Malayer,Hamadán
1277,Pacific Asia,South Asia,India,Parbhani,Maharashtra
1278,Pacific Asia,Central Asia,Kazajistán,Karagandá,Karagandá
1279,Pacific Asia,Eastern Asia,China,Huaibei,Anhui
1280,Pacific Asia,Eastern Asia,Japón,Matsubara,Oita
1281,Pacific Asia,Eastern Asia,China,Harbin,Heilongjiang
1282,Pacific Asia,Eastern Asia,China,Baotou,Mongolia Interior
1283,Pacific Asia,South Asia,India,Bhubaneswar,Odisha
1284,Pacific Asia,Eastern Asia,China,Gongzhuling,Jilin
1285,Pacific Asia,South Asia,India,Bhatinda,Punyab
1286,Pacific Asia,Oceania,Australia,Alice Springs,Territorio del Norte
1287,Latam,Central America,Nicaragua,Granada,Granada
1288,Latam,Central America,Guatemala,Escuintla,Escuintla
1289,Latam,South America,Brasil,Pilar,Alagoas
1290,Latam,South America,Venezuela,Caracas,Distrito Capital
1291,Latam,Central America,México,León,Guanajuato
1292,Latam,South America,Brasil,Cabo Frio,Río de Janeiro
1293,Latam,South America,Brasil,Valinhos,São Paulo
1294,Latam,Central America,México,Tlalnepantla,México
1295,Latam,Central America,México,Obregón,Sonora
1296,Latam,Central America,Honduras,El Progreso,Yoro
1297,Latam,Central America,México,General Escobedo,Nuevo León
1298,Latam,Central America,México,San Luis Río Colorado,Sonora
1299,Latam,Caribbean,Cuba,Contramaestre,Santiago de Cuba
1300,Latam,South America,Chile,Talcahuano,Bío-Bío
1301,Latam,Central America,México,Victoria,Tamaulipas
1302,Latam,Central America,México,Reynosa,Tamaulipas
1303,Latam,Caribbean,Barbados,Bridgetown,San Miguel
1304,Latam,South America,Brasil,São Gonçalo,Río de Janeiro
1305,Latam,South America,Brasil,Penedo,Alagoas
1306,Latam,Caribbean,Cuba,Moa,Holguín
1307,Latam,Central America,México,Los Mochis,Sinaloa
1308,Latam,South America,Venezuela,Maracaibo,Zulia
1309,Latam,South America,Brasil,Recife,Pernambuco
1310,Latam,South America,Venezuela,Guacara,Carabobo
1311,Latam,Central America,México,Villa Frontera,Coahuila
1312,Latam,Central America,México,Madero,Tamaulipas
1313,Latam,Central America,México,Iguala,Guerrero
1314,Latam,South America,Bolivia,Cochabamba,Cochabamba
1315,Latam,Caribbean,Cuba,Consolación del Sur,Pinar del Río
1316,Latam,South America,Brasil,Igarassu,Pernambuco
1317,Latam,South America,Colombia,Manizales,Caldas
1318,Latam,Central America,México,Guasave,Sinaloa
1319,Latam,Central America,México,Mérida,Yucatán
1320,Latam,South America,Brasil,Pindamonhangaba,São Paulo
1321,Latam,South America,Venezuela,Barquisimeto,Lara
1322,Latam,South America,Brasil,Açu,Río Grande del Norte
1323,Latam,South America,Colombia,Yopal,Casanare
1324,Pacific Asia,South Asia,Bangladés,Sylhet,Sylhet
1325,Pacific Asia,Oceania,Nueva Zelanda,Hamilton,Waikato
1326,Pacific Asia,Central Asia,Tayikistán,Kulob,Khatlon
1327,Pacific Asia,Eastern Asia,China,Shangqiu,Henan
1328,Pacific Asia,Southeast Asia,Indonesia,Pematangsiantar,Sumatra Septentrional
1329,Pacific Asia,Central Asia,Kazajistán,Almaty,Ciudad de Almatý
1330,Pacific Asia,Southeast Asia,Indonesia,Pontianak,Borneo Occidental
1331,Pacific Asia,Central Asia,Kazajistán,Ekibastuz,Pavlodar
1332,Pacific Asia,Oceania,Nueva Zelanda,Palmerston North,Manawatu-Wanganui
1333,Pacific Asia,South Asia,India,Srinagar,Jammu y Cachemira
1334,Pacific Asia,South Asia,India,Gorakhpur,Uttar Pradesh
1335,Pacific Asia,West Asia,Siria,Homs,Hims
1336,Pacific Asia,Eastern Asia,China,Benxi,Liaoning
1337,Pacific Asia,Oceania,Australia,Katoomba,Nueva Gales del Sur
1338,Pacific Asia,Southeast Asia,Indonesia,Dumai,Riau
1339,Pacific Asia,Southeast Asia,Indonesia,Bogor,Java Occidental
1340,Pacific Asia,South Asia,India,Varanasi,Uttar Pradesh
1341,Pacific Asia,South Asia,India,Dewas,Madhya Pradesh
1342,Pacific Asia,South Asia,India,Amritsar,Punyab
1343,Pacific Asia,West Asia,Irak,Al Hillah,Babilonia
1344,Pacific Asia,South Asia,India,Kakinada,Andhra Pradesh
1345,Pacific Asia,South Asia,Bangladés,Khulna,Khulna
1346,Pacific Asia,South Asia,India,Korba,Chhattisgarh
1347,Europe,Western Europe,Francia,Cormeilles-en-Parisis,Isla de Francia
1348,Europe,Southern Europe,Italia,Ferrara,Emilia-Romaña
1349,Europe,Western Europe,Alemania,Herne,Renania del Norte-Westfalia
1350,Latam,South America,Brasil,Manaus,Amazonas
1351,Latam,Caribbean,Cuba,Puerto Padre,Las Tunas
1352,Latam,Caribbean,Guadalupe,Les Abymes,Guadalupe
1353,Latam,Central America,México,Colima,Colima
1354,Latam,South America,Brasil,Nova Serrana,Minas Gerais
1355,Latam,South America,Perú,Huancayo,Junín
1356,Latam,South America,Argentina,Paraná,Entre Ríos
1357,Pacific Asia,West Asia,Israel,Ashdod,Meridional
1358,Pacific Asia,Eastern Asia,China,Hohhot,Mongolia Interior
1359,Pacific Asia,Eastern Asia,China,Fengcheng,Liaoning
1360,Pacific Asia,Oceania,Papúa Nueva Guinea,Port Moresby,Capital Nacional
1361,Pacific Asia,Eastern Asia,Japón,Fukuyama,Hiroshima
1362,Pacific Asia,West Asia,Turquía,Turgutlu,Manisa
1363,Usca,South Of  Usa,Estados Unidos,Smyrna,Tennessee
1364,Usca,South Of  Usa,Estados Unidos,Wilmington,Carolina del Norte
1365,Africa,West Africa,Nigeria,Ibadan,Oyo
1366,Africa,West Africa,Nigeria,Katsina,Katsina
1367,Europe,Southern Europe,Italia,Cesena,Emilia-Romaña
1368,Europe,Northern Europe,Reino Unido,Farnborough,Inglaterra
1369,Latam,South America,Argentina,San Nicolás de los Arroyos,Buenos Aires (provincia)
1370,Pacific Asia,Eastern Asia,China,Jieyang,Guangdong
1371,Usca,South Of  Usa,Estados Unidos,Columbia,Carolina del Sur
1372,Usca,South Of  Usa,Estados Unidos,Franklin,Tennessee
1373,Latam,South America,Brasil,São Leopoldo,Rio Grande do Sul
1374,Europe,Northern Europe,Lituania,Klaip?da,Klaip?da
1375,Europe,Eastern Europe,Bielorrusia,Gómel,Gómel
1376,Pacific Asia,Oceania,Australia,Broken Hill,Nueva Gales del Sur
1377,Pacific Asia,Eastern Asia,China,Kunming,Yunnan
1378,Pacific Asia,Southeast Asia,Indonesia,Sukabumi,Java Occidental
1379,Pacific Asia,South Asia,India,Bijapur,Karnataka
1380,Usca,South Of  Usa,Estados Unidos,Raleigh,Carolina del Norte
1381,Latam,Caribbean,República Dominicana,Moca,Espaillat
1382,Africa,East Africa,Zimbabue,Bulawayo,Bulawayo
1383,Africa,Central Africa,Angola,Malanje,Malanje
1384,Europe,Southern Europe,España,Reus,Cataluña
1385,Europe,Western Europe,Francia,Neuilly-sur-Marne,Isla de Francia
1386,Europe,Eastern Europe,Rusia,Irkutsk,Irkutsk
1387,Europe,Western Europe,Francia,Quimper,Bretaña
1388,Europe,Eastern Europe,Ucrania,Horlivka,Donetsk
1389,Europe,Western Europe,Alemania,Mannheim,Baden-Wurtemberg
1390,Pacific Asia,Oceania,Nueva Zelanda,Blenheim,Marlborough
1391,Pacific Asia,South Asia,India,Kukatpalli,Telangana
1392,Pacific Asia,Southeast Asia,Filipinas,Las Pinas,Capital Nacional
1393,Pacific Asia,Eastern Asia,China,Changzhi,Shanxi
1394,Pacific Asia,Eastern Asia,China,Changchun,Jilin
1395,Pacific Asia,West Asia,Azerbaiyán,Baku,Baki
1396,Pacific Asia,West Asia,Arabia Saudí,Yanbu al Bahr,Medina
1397,Pacific Asia,South Asia,Irán,Khorramabad,Lorestan
1398,Pacific Asia,Eastern Asia,China,Chaoyang,Liaoning
1399,Pacific Asia,Eastern Asia,China,Jiangyou,Sichuan
1400,Pacific Asia,Southeast Asia,Malasia,Seremban,Negeri Sembilan
1401,Pacific Asia,West Asia,Turquía,Ceyhan,Adana
1402,Pacific Asia,South Asia,India,Warangal,Telangana
1403,Pacific Asia,South Asia,India,Tiruchchirappalli,Tamil Nadu
1404,Pacific Asia,Southeast Asia,Indonesia,Pekanbaru,Riau
1405,Pacific Asia,Eastern Asia,China,Licheng,Jiangsu
1406,Pacific Asia,Oceania,Australia,Wodonga,Victoria
1407,Pacific Asia,South Asia,India,Lucknow,Uttar Pradesh
1408,Pacific Asia,South Asia,India,Darbhanga,Bihar
1409,Pacific Asia,South Asia,Pakistán,Hyderabad,Sind
1410,Pacific Asia,Southeast Asia,Malasia,Kuching,Sarawak
1411,Pacific Asia,Eastern Asia,China,Jieshou,Anhui
1412,Pacific Asia,Eastern Asia,China,Lanxi,Zhejiang
1413,Pacific Asia,Oceania,Australia,Mount Gambier,Australia del Sur
1414,Pacific Asia,Eastern Asia,China,Wenling,Zhejiang
1415,Pacific Asia,Oceania,Australia,Melton,Victoria
1416,Pacific Asia,Eastern Asia,China,Jiangmen,Guangdong
1417,Pacific Asia,South Asia,India,Meerut,Uttar Pradesh
1418,Pacific Asia,Eastern Asia,China,Hangu,Tianjin
1419,Pacific Asia,South Asia,Irán,Mashhad,Jorasán Razaví
1420,Pacific Asia,Central Asia,Turkmenistán,Turkmenabat,Lebap
1421,Pacific Asia,South Asia,India,Durgapur,Maharashtra
1422,Pacific Asia,Oceania,Australia,Whyalla,Australia del Sur
1423,Pacific Asia,Oceania,Australia,Traralgon,Victoria
1424,Usca,West Of Usa,Estados Unidos,Aurora,Colorado
1425,Usca,South Of  Usa,Estados Unidos,Salem,Virginia
1426,Europe,Southern Europe,España,Ponferrada,Castilla y León
1427,Europe,Southern Europe,España,Irun,País Vasco
1428,Europe,Southern Europe,Italia,Arezzo,Toscana
1429,Europe,Southern Europe,Italia,Acireale,Sicilia
1430,Europe,Northern Europe,Reino Unido,Walsall,Inglaterra
1431,Europe,Southern Europe,España,Alicante,Valenciana
1432,Europe,Western Europe,Francia,Fontainebleau,Isla de Francia
1433,Europe,Eastern Europe,Ucrania,Sevastopol,Sevastopol
1434,Latam,Central America,México,Salina Cruz,Oaxaca
1435,Latam,South America,Ecuador,Guayaquil,Guayas
1436,Latam,South America,Brasil,Maringá,Paraná
1437,Latam,South America,Chile,Puente Alto,Santiago de Chile
1438,Latam,Central America,México,San Luis Potosí,San Luis Potosí
1439,Latam,Caribbean,República Dominicana,San Pedro de Macorís,San Pedro de Macorís
1440,Latam,South America,Brasil,Itaituba,Pará
1441,Latam,Central America,México,Piedras Negras,Coahuila
1442,Latam,South America,Chile,Rancagua,O'Higgins
1443,Latam,Central America,El Salvador,Antiguo Cuscatlán,La Libertad
1444,Latam,Central America,México,Santa Catarina,Nuevo León
1445,Latam,South America,Brasil,Jequié,Bahía
1446,Latam,Caribbean,República Dominicana,Baní,Peravia
1447,Latam,Central America,Guatemala,Amatitlán,Guatemala
1448,Latam,South America,Brasil,Simões Filho,Bahía
1449,Latam,South America,Brasil,Chapecó,Santa Catarina
1450,Latam,South America,Argentina,Resistencia,Chaco
1451,Latam,South America,Brasil,Barreirinhas,Marañón
1452,Latam,South America,Uruguay,Paysandú,Paysandú
1453,Latam,South America,Brasil,Jataí,Goiás
1454,Latam,South America,Brasil,Cruzeiro,São Paulo
1455,Latam,South America,Uruguay,Rivera,Rivera
1456,Latam,South America,Brasil,Uruguaiana,Rio Grande do Sul
1457,Latam,South America,Brasil,Arapiraca,Alagoas
1458,Latam,South America,Brasil,Guarapuava,Paraná
1459,Latam,Caribbean,República Dominicana,San Francisco de Macorís,Duarte
1460,Latam,South America,Argentina,Córdoba,Córdoba
1461,Latam,Central America,México,Campeche,Campeche
1462,Latam,South America,Brasil,Itajaí,Santa Catarina
1463,Latam,South America,Venezuela,Turmero,Aragua
1464,Latam,South America,Brasil,Bom Jesus da Lapa,Bahía
1465,Latam,South America,Brasil,Gaspar,Santa Catarina
1466,Latam,South America,Brasil,Linhares,Espíritu Santo
1467,Latam,Central America,México,Miramar,Tamaulipas
1468,Latam,South America,Brasil,Ilhéus,Bahía
1469,Latam,South America,Brasil,Umuarama,Paraná
1470,Latam,South America,Brasil,São José dos Campos,São Paulo
1471,Latam,South America,Brasil,Ibiúna,São Paulo
1472,Latam,South America,Brasil,Praia Grande,São Paulo
1473,Latam,South America,Brasil,Cruz das Almas,Bahía
1474,Latam,South America,Bolivia,Santa Cruz de la Sierra,Santa Cruz
1475,Latam,South America,Brasil,Novo Gama,Goiás
1476,Latam,South America,Brasil,Pouso Alegre,Minas Gerais
1477,Latam,South America,Brasil,Jacobina,Bahía
1478,Latam,South America,Paraguay,Asunción,Asunción
1479,Latam,South America,Perú,Paita,Piura
1480,Latam,Central America,México,Apodaca,Nuevo León
1481,Latam,Caribbean,Cuba,Bayamo,Granma
1482,Latam,Caribbean,Jamaica,Spanish Town,Santa Caterina
1483,Latam,South America,Brasil,Santo André,São Paulo
1484,Latam,Caribbean,Cuba,Ciego de Ávila,Ciego de Ávila
1485,Latam,Central America,México,Torreón,Coahuila
1486,Latam,South America,Brasil,Limoeiro do Norte,Ceará
1487,Latam,South America,Brasil,Cajazeiras,Paraíba
1488,Latam,South America,Colombia,Pereira,Risaralda
1489,Latam,South America,Brasil,Camaçari,Bahía
1490,Latam,South America,Brasil,Franca,São Paulo
1491,Latam,South America,Brasil,Tupã,São Paulo
1492,Latam,South America,Brasil,Juiz de Fora,Minas Gerais
1493,Latam,South America,Perú,Cajamarca,Cajamarca
1494,Latam,South America,Brasil,Votuporanga,São Paulo
1495,Latam,Central America,México,Puerto Vallarta,Jalisco
1496,Latam,Central America,Nicaragua,Chinandega,Chinandega
1497,Latam,South America,Brasil,Bayeux,Paraíba
1498,Latam,South America,Chile,Antofagasta,Antofagasta
1499,Latam,South America,Colombia,Sabanalarga,Atlántico
1500,Latam,South America,Brasil,Ji-Paraná,Rondônia
1501,Latam,Caribbean,República Dominicana,San Juan de la Maguana,San Juan
1502,Latam,South America,Brasil,Araçatuba,São Paulo
1503,Latam,South America,Brasil,Canoas,Rio Grande do Sul
1504,Latam,Central America,México,Cancún,Quintana Roo
1505,Latam,South America,Venezuela,San Cristóbal,Táchira
1506,Latam,South America,Brasil,Grajaú,Marañón
1507,Pacific Asia,West Asia,Turquía,Kirsehir,Kirsehir
1508,Pacific Asia,Southeast Asia,Malasia,Sandakan,Sabah
1509,Pacific Asia,Central Asia,Turkmenistán,Asjabad,Asjabad
1510,Pacific Asia,Eastern Asia,China,Binzhou,Shandong
1511,Pacific Asia,Eastern Asia,China,Guiyang,Guizhou
1512,Pacific Asia,Oceania,Nueva Zelanda,Lower Hutt,Wellington
1513,Pacific Asia,Oceania,Australia,Ballarat,Victoria
1514,Pacific Asia,Southeast Asia,Filipinas,Calamba,Calabarzón
1515,Pacific Asia,South Asia,Irán,Kashan,Isfahán
1516,Pacific Asia,West Asia,Jordania,Amman,Amán
1517,Pacific Asia,West Asia,Arabia Saudí,Al Mubarraz,Ash Sharqiyah
1518,Pacific Asia,South Asia,Irán,Yazd,Yazd
1519,Pacific Asia,West Asia,Arabia Saudí,Sakaka,Al Jawf
1520,Pacific Asia,Eastern Asia,China,Chifeng,Mongolia Interior
1521,Pacific Asia,South Asia,India,Ludhiana,Punyab
1522,Pacific Asia,South Asia,Irán,Kermanshah,Kermanshah
1523,Pacific Asia,Southeast Asia,Indonesia,Padang,Sumatra Occidental
1524,Pacific Asia,Eastern Asia,Hong Kong,Kowloon,Hong Kong
1525,Pacific Asia,Central Asia,Kazajistán,Kokshetau,Akmola
1526,Pacific Asia,West Asia,Turquía,Nazilli,Aydin
1527,Pacific Asia,Eastern Asia,Japón,Nagasaki,Nagasaki
1528,Pacific Asia,West Asia,Turquía,Sivas,Sivas
1529,Pacific Asia,South Asia,India,Firozabad,Uttar Pradesh
1530,Pacific Asia,Eastern Asia,China,Xiamen,Fujian
1531,Pacific Asia,Eastern Asia,China,Ninghai,Shandong
1532,Pacific Asia,South Asia,India,Kozhikode,Kerala
1533,Pacific Asia,Eastern Asia,China,Xintai,Shandong
1534,Pacific Asia,West Asia,Turquía,Mardin,Mardin
1535,Pacific Asia,South Asia,India,Kalyan,Maharashtra
1536,Europe,Western Europe,Francia,Boulogne-Billancourt,Isla de Francia
1537,Europe,Eastern Europe,Rumania,Targu Mures,Mures
1538,Europe,Eastern Europe,Ucrania,Donets'k,Donetsk
1539,Europe,Southern Europe,España,Jerez de la Frontera,Andalucía
1540,Europe,Western Europe,Alemania,Oberhausen,Renania del Norte-Westfalia
1541,Europe,Western Europe,Francia,Pontoise,Isla de Francia
1542,Europe,Northern Europe,Reino Unido,Crawley,Inglaterra
1543,Europe,Western Europe,Francia,Wasquehal,Norte-Paso de Calais-Picardía
1544,Europe,Eastern Europe,Rusia,Miass,Cheliábinsk
1545,Europe,Western Europe,Austria,Villach,Carintia
1546,Europe,Eastern Europe,Rusia,Vladímir,Vladímir
1547,Europe,Western Europe,Francia,Annemasse,Auvernia-Ródano-Alpes
1548,Europe,Western Europe,Francia,Metz,Alsacia-Champaña-Ardenas-Lorena
1549,Europe,Western Europe,Francia,Levallois-Perret,Isla de Francia
1550,Europe,Western Europe,Francia,Givors,Auvernia-Ródano-Alpes
1551,Europe,Eastern Europe,Rusia,Bélgorod,Bélgorod
1552,Europe,Western Europe,Alemania,Menden,Renania del Norte-Westfalia
1553,Latam,Central America,Panamá,Arraiján,Panamá
1554,Latam,South America,Argentina,Rosario,Santa Fe
1555,Latam,South America,Argentina,Concepción del Uruguay,Entre Ríos
1556,Latam,South America,Chile,Viña del Mar,Valparaíso
1557,Latam,Central America,México,Apatzingán de la Constitución,Michoacán
1558,Latam,Central America,México,Tecomán,Colima
1559,Latam,South America,Brasil,Vitória,Espíritu Santo
1560,Latam,South America,Ecuador,Portoviejo,Manabí
1561,Latam,South America,Bolivia,Trinidad,El Beni
1562,Latam,South America,Brasil,Passo Fundo,Rio Grande do Sul
1563,Latam,South America,Brasil,Aracaju,Sergipe
1564,Latam,Central America,México,San Andrés Tuxtla,Veracruz
1565,Latam,South America,Colombia,Jamundí,Valle del Cauca
1566,Latam,Central America,México,Tehuacán,Puebla
1567,Latam,Central America,México,Lagos de Moreno,Jalisco
1568,Latam,South America,Brasil,São Miguel dos Campos,Alagoas
1569,Latam,Central America,El Salvador,Sonsonate,Sonsonate
1570,Latam,South America,Brasil,Bezerros,Pernambuco
1571,Pacific Asia,South Asia,India,Kochi,Kerala
1572,Pacific Asia,Oceania,Nueva Zelanda,Invercargill,Southland
1573,Pacific Asia,Eastern Asia,China,Lanzhou,Gansu
1574,Pacific Asia,West Asia,Turquía,Kilis,Kilis
1575,Pacific Asia,West Asia,Turquía,Siirt,Siirt
1576,Pacific Asia,Eastern Asia,China,Chaozhou,Guangdong
1577,Pacific Asia,West Asia,Turquía,Erzurum,Erzurum
1578,Pacific Asia,Oceania,Nueva Zelanda,Tauranga,Bay of Plenty
1579,Pacific Asia,South Asia,Pakistán,Sukkur,Sind
1580,Pacific Asia,South Asia,India,Mysore,Karnataka
1581,Pacific Asia,South Asia,India,Kolhapur,Maharashtra
1582,Pacific Asia,Eastern Asia,China,Jiaozuo,Henan
1583,Pacific Asia,Eastern Asia,Corea del Sur,Aew?l-li,Jeju
1584,Pacific Asia,Eastern Asia,Japón,Edogawa-ku,Tokio
1585,Pacific Asia,West Asia,Turquía,Kastamonu,Kastamonu
1586,Usca,East Of Usa,Estados Unidos,Newark,Ohio
1587,Usca,Us Center,Estados Unidos,Superior,Wisconsin
1588,Usca,Canada,Canada,Regina,Saskatchewan
1589,Usca,Canada,Canada,Montréal,Quebec
1590,Usca,West Of Usa,Estados Unidos,Tempe,Arizona
1591,Usca,West Of Usa,Estados Unidos,Albuquerque,Nuevo México
1592,Usca,South Of  Usa,Estados Unidos,Wilson,Carolina del Norte
1593,Usca,Us Center,Estados Unidos,Mesquite,Texas
1594,Usca,West Of Usa,Estados Unidos,Woodland,California
1595,Africa,North Africa,Marruecos,El Jadida,Dukala-Abda
1596,Pacific Asia,West Asia,Arabia Saudí,Abha,Asir
1597,Pacific Asia,West Asia,Turquía,Antakya,Hatay
1598,Africa,West Africa,Guinea,Nzerekore,Nzérékoré
1599,Africa,Central Africa,República Democrática del Congo,Likasi,Katanga
1600,Usca,South Of  Usa,Estados Unidos,Fort Lauderdale,Florida
1601,Usca,Us Center,Estados Unidos,Pasadena,Texas
1602,Usca,East Of Usa,Estados Unidos,Kent,Ohio
1603,Usca,East Of Usa,Estados Unidos,Bangor,Maine
1604,Usca,Us Center,Estados Unidos,Huntsville,Texas
1605,Usca,East Of Usa,Estados Unidos,Morristown,Nueva Jersey
1606,Usca,South Of  Usa,Estados Unidos,Decatur,Alabama
1607,Usca,South Of  Usa,Estados Unidos,Miramar,Florida
1608,Usca,South Of  Usa,Estados Unidos,Arlington,Virginia
1609,Usca,South Of  Usa,Estados Unidos,Nashville,Tennessee
1610,Usca,West Of Usa,Estados Unidos,Santa Ana,California
1611,Usca,South Of  Usa,Estados Unidos,Marietta,Georgia
1612,Usca,South Of  Usa,Estados Unidos,Miami,Florida
1613,Usca,West Of Usa,Estados Unidos,Pasadena,California
1614,Usca,Us Center,Estados Unidos,Oak Park,Illinois
1615,Usca,Us Center,Estados Unidos,Wausau,Wisconsin
1616,Usca,Us Center,Estados Unidos,Fremont,Nebraska
1617,Usca,Us Center,Estados Unidos,Milwaukee,Wisconsin
1618,Usca,Us Center,Estados Unidos,Aurora,Illinois
1619,Usca,Us Center,Estados Unidos,Lakeville,Minnesota
1620,Usca,South Of  Usa,Estados Unidos,Durham,Carolina del Norte
1621,Pacific Asia,Eastern Asia,China,Anqing,Anhui
1622,Pacific Asia,Eastern Asia,China,Taiyuan,Shanxi
1623,Pacific Asia,South Asia,India,Pimpri,Maharashtra
1624,Pacific Asia,Eastern Asia,Japón,Ichikawa,Chiba
1625,Europe,Western Europe,Francia,Cournon-d'Auvergne,Auvernia
1626,Europe,Southern Europe,España,Oviedo,Asturias
1627,Europe,Western Europe,Francia,Clermont-Ferrand,Auvernia
1628,Europe,Northern Europe,Reino Unido,Cardiff,Gales
1629,Europe,Northern Europe,Irlanda,Cork,Cork
1630,Europe,Western Europe,Alemania,Gladbeck,Renania del Norte-Westfalia
1631,Europe,Southern Europe,Italia,Chieti,Abruzos
1632,Europe,Western Europe,Austria,Linz,Alta Austria
1633,Europe,Western Europe,Francia,Sceaux,Isla de Francia
1634,Europe,Western Europe,Francia,Montauban,Languedoc-Rosellón-Mediodía-Pirineos
1635,Europe,Southern Europe,Italia,Sassari,Cerdeña
1636,Latam,South America,Argentina,La Plata,Buenos Aires (provincia)
1637,Latam,South America,Brasil,Cuiabá,Mato Grosso
1638,Latam,South America,Colombia,Malambo,Atlántico
1639,Europe,Western Europe,Francia,Auch,Languedoc-Rosellón-Mediodía-Pirineos
1640,Europe,Southern Europe,España,Lorca,Murcia
1641,Europe,Northern Europe,Reino Unido,Kingswood,Inglaterra
1642,Europe,Western Europe,Francia,Draguignan,Provenza-Alpes-Costa Azul
1643,Europe,Western Europe,Alemania,Offenburg,Baden-Wurtemberg
1644,Latam,Central America,México,Valles,San Luis Potosí
1645,Latam,Caribbean,Cuba,Morón,Ciego de Ávila
1646,Latam,South America,Brasil,São Benedito,Ceará
1647,Latam,Central America,México,Silao,Guanajuato
1648,Africa,West Africa,Nigeria,Enugu,Enugu
1649,Africa,East Africa,Kenia,Mombasa,Costa
1650,Africa,North Africa,Egipto,Sohag,Suhaj
1651,Europe,Northern Europe,Reino Unido,Watford,Inglaterra
1652,Europe,Western Europe,Francia,Albi,Languedoc-Rosellón-Mediodía-Pirineos
1653,Europe,Southern Europe,Portugal,Loures,Lisboa
1654,Europe,Western Europe,Francia,Villeurbanne,Auvernia-Ródano-Alpes
1655,Europe,Northern Europe,Irlanda,Tallaght,Dublín del Sur
1656,Europe,Northern Europe,Noruega,Stavanger,Rogaland
1657,Europe,Western Europe,Francia,Poissy,Isla de Francia
1658,Europe,Western Europe,Alemania,Aachen,Renania del Norte-Westfalia
1659,Europe,Eastern Europe,Rusia,Rybinsk,Yaroslavl
1660,Europe,Southern Europe,España,San Fernando,Andalucía
1661,Europe,Eastern Europe,Polonia,Ruda Slaska,Silesia
1662,Europe,Western Europe,Alemania,Darmstadt,Hesse
1663,Europe,Western Europe,Alemania,Worms,Renania-Palatinado
1664,Europe,Western Europe,Francia,Livry-Gargan,Isla de Francia
1665,Europe,Western Europe,Países Bajos,Zwolle,Overijssel
1666,Europe,Western Europe,Francia,Suresnes,Isla de Francia
1667,Europe,Western Europe,Alemania,Langen,Hesse
1668,Europe,Western Europe,Francia,Les Clayes-sous-Bois,Isla de Francia
1669,Europe,Western Europe,Alemania,Krefeld,Renania del Norte-Westfalia
1670,Latam,Caribbean,Martinica,Fort-de-France,Martinica
1671,Latam,South America,Brasil,Jacareí,São Paulo
1672,Latam,South America,Colombia,Cartagena,Bolívar
1673,Latam,Caribbean,República Dominicana,Bajos de Haina,San Cristóbal
1674,Latam,South America,Chile,Los Ángeles,Bío-Bío
1675,Latam,South America,Venezuela,Maracay,Aragua
1676,Pacific Asia,Eastern Asia,China,Qitaihe,Heilongjiang
1677,Pacific Asia,Eastern Asia,China,Tangshan,Hebei
1678,Pacific Asia,South Asia,India,Ganganagar,Rajastán
1679,Pacific Asia,South Asia,India,Panihati,Bengala Occidental
1680,Pacific Asia,West Asia,Turquía,Cankaya,Ankara
1681,Pacific Asia,Eastern Asia,China,Tieling,Liaoning
1682,Pacific Asia,West Asia,Turquía,Balikesir,Balikesir
1683,Pacific Asia,South Asia,India,Tiruppur,Tamil Nadu
1684,Pacific Asia,South Asia,India,Saharanpur,Uttar Pradesh
1685,Pacific Asia,Eastern Asia,China,Laohekou,Hubei
1686,Pacific Asia,South Asia,India,Bellary,Karnataka
1687,Usca,Us Center,Estados Unidos,Tyler,Texas
1688,Usca,South Of  Usa,Estados Unidos,Jonesboro,Arkansas
1689,Usca,West Of Usa,Estados Unidos,Vancouver,Washington
1690,Usca,West Of Usa,Estados Unidos,Santa Clara,California
1691,Usca,South Of  Usa,Estados Unidos,Florence,Kentucky
1692,Usca,Us Center,Estados Unidos,Portage,Indiana
1693,Europe,Eastern Europe,Moldavia,Balti,Balti
1694,Europe,Southern Europe,Croacia,Osijek,Osjecko-Baranjska
1695,Europe,Eastern Europe,Ucrania,Lisichansk,Lugansk
1696,Latam,South America,Paraguay,Lambaré,Central
1697,Pacific Asia,South Asia,India,Jodhpur,Rajastán
1698,Usca,West Of Usa,Estados Unidos,La Mesa,California
1699,Europe,Eastern Europe,Polonia,Katowice,Silesia
1700,Pacific Asia,South Asia,India,Jamnagar,Guyarat
1701,Pacific Asia,West Asia,Turquía,Kayseri,Kayseri
1702,Pacific Asia,West Asia,Arabia Saudí,Mecca,Meca
1703,Pacific Asia,Eastern Asia,China,Zigong,Sichuan
1704,Pacific Asia,South Asia,India,Dhule,Maharashtra
1705,Pacific Asia,Oceania,Nueva Zelanda,Whangarei,Northland
1706,Pacific Asia,Eastern Asia,China,Hefei,Anhui
1707,Pacific Asia,Eastern Asia,China,Handan,Hebei
1708,Pacific Asia,South Asia,India,Aurangabad,Maharashtra
1709,Usca,Us Center,Estados Unidos,Muskogee,Oklahoma
1710,Usca,South Of  Usa,Estados Unidos,Murfreesboro,Tennessee
1711,Usca,South Of  Usa,Estados Unidos,Mobile,Alabama
1712,Usca,East Of Usa,Estados Unidos,Westfield,Nueva Jersey
1713,Usca,Us Center,Estados Unidos,Olathe,Kansas
1714,Usca,South Of  Usa,Estados Unidos,Lafayette,Luisiana
1715,Usca,Canada,Canada,Winnipeg,Manitoba
1716,Usca,East Of Usa,Estados Unidos,Paterson,Nueva Jersey
1717,Usca,Us Center,Estados Unidos,Lafayette,Indiana
1718,Usca,East Of Usa,Estados Unidos,Long Beach,Nueva York
1719,Usca,South Of  Usa,Estados Unidos,Hollywood,Florida
1720,Usca,Canada,Canada,Kingston,Ontario
1721,Usca,West Of Usa,Estados Unidos,Arvada,Colorado
1722,Usca,Canada,Canada,Quebec,Quebec
1723,Usca,South Of  Usa,Estados Unidos,East Point,Georgia
1724,Usca,West Of Usa,Estados Unidos,Inglewood,California
1725,Usca,East Of Usa,Estados Unidos,Lancaster,Ohio
1726,Usca,Us Center,Estados Unidos,Haltom City,Texas
1727,Africa,East Africa,Mozambique,Maputo,Cidade De Maputo
1728,Europe,Northern Europe,Reino Unido,Wallasey,Inglaterra
1729,Europe,Western Europe,Francia,Sannois,Isla de Francia
1730,Europe,Northern Europe,Dinamarca,Esbjerg,Dinamarca Meridional
1731,Latam,South America,Brasil,Pelotas,Rio Grande do Sul
1732,Pacific Asia,South Asia,India,Aligarh,Uttar Pradesh
1733,Pacific Asia,West Asia,Arabia Saudí,Al Hufuf,Ash Sharqiyah
1734,Pacific Asia,Eastern Asia,China,Jilin,Jilin
1735,Usca,West Of Usa,Estados Unidos,Covington,Washington
1736,Europe,Western Europe,Alemania,Dorsten,Renania del Norte-Westfalia
1737,Europe,Western Europe,Francia,Saint-Ouen,Isla de Francia
1738,Europe,Western Europe,Francia,Bressuire,Aquitania-Lemosín-Poitou-Charentes
1739,Europe,Western Europe,Francia,Thonon-les-Bains,Auvernia-Ródano-Alpes
1740,Latam,South America,Argentina,Mar del Plata,Buenos Aires (provincia)
1741,Latam,South America,Colombia,Soacha,Cundinamarca
1742,Latam,South America,Chile,Iquique,Tarapacá
1743,Latam,South America,Brasil,Boa Esperança,Minas Gerais
1744,Pacific Asia,Oceania,Australia,Gladstone,Queensland
1745,Pacific Asia,South Asia,India,Mathura,Uttar Pradesh
1746,Pacific Asia,South Asia,India,Amravati,Maharashtra
1747,Pacific Asia,South Asia,India,Chandigarh,Chandigarh
1748,Usca,West Of Usa,Estados Unidos,Longview,Washington
1749,Usca,Us Center,Estados Unidos,Lincoln Park,Michigan
1750,Usca,Us Center,Estados Unidos,Oklahoma City,Oklahoma
1751,Usca,South Of  Usa,Estados Unidos,Orlando,Florida
1752,Africa,East Africa,Mozambique,Maxixe,Inhambane
1753,Europe,Western Europe,Francia,Sucy-en-Brie,Isla de Francia
1754,Europe,Western Europe,Países Bajos,Haarlem,Holanda Septentrional
1755,Europe,Southern Europe,España,Lugo,Galicia
1756,Europe,Southern Europe,España,Guadalajara,Castilla-La Mancha
1757,Latam,South America,Chile,Valparaíso,Valparaíso
1758,Latam,Central America,México,Nicolás Romero,México
1759,Latam,South America,Brasil,Guaratinguetá,São Paulo
1760,Usca,East Of Usa,Estados Unidos,Troy,Ohio
1761,Europe,Western Europe,Francia,Belfort,Borgoña-Franco Condado
1762,Pacific Asia,South Asia,Irán,Teherán,Teherán
1763,Pacific Asia,Eastern Asia,China,Luoyang,Henan
1764,Pacific Asia,South Asia,India,Bareilly,Uttar Pradesh
1765,Pacific Asia,Eastern Asia,Japón,Funabashi,Chiba
1766,Pacific Asia,Eastern Asia,China,Dongguan,Guangdong
1767,Pacific Asia,Southeast Asia,Vietnam,Nha Trang,Khánh Hòa
1768,Pacific Asia,Eastern Asia,China,Donghai,Guangdong
1769,Pacific Asia,Oceania,Nueva Zelanda,Napier,Hawke's Bay
1770,Pacific Asia,West Asia,Qatar,Doha,Doha
1771,Pacific Asia,West Asia,Jordania,Wadi as Sir,Amán
1772,Pacific Asia,Central Asia,Kazajistán,Pavlodar,Pavlodar
1773,Pacific Asia,Eastern Asia,China,Qiqihar,Heilongjiang
1774,Pacific Asia,Eastern Asia,China,Xianning,Hubei
1775,Usca,West Of Usa,Estados Unidos,Anaheim,California
1776,Usca,West Of Usa,Estados Unidos,Louisville,Colorado
1777,Usca,South Of  Usa,Estados Unidos,Conway,Arkansas
1778,Usca,Us Center,Estados Unidos,El Paso,Texas
1779,Usca,West Of Usa,Estados Unidos,Long Beach,California
1780,Usca,East Of Usa,Estados Unidos,Providence,Rhode Island
1781,Usca,Us Center,Estados Unidos,Rochester,Minnesota
1782,Usca,West Of Usa,Estados Unidos,Riverside,California
1783,Usca,East Of Usa,Estados Unidos,Leominster,Massachusetts
1784,Usca,Us Center,Estados Unidos,Austin,Texas
1785,Usca,West Of Usa,Estados Unidos,Redmond,Washington
1786,Usca,West Of Usa,Estados Unidos,Salt Lake City,Utah
1787,Usca,East Of Usa,Estados Unidos,Fairfield,Connecticut
1788,Usca,Us Center,Estados Unidos,Waco,Texas
1789,Usca,Us Center,Estados Unidos,Bolingbrook,Illinois
1790,Usca,West Of Usa,Estados Unidos,San Bernardino,California
1791,Usca,South Of  Usa,Estados Unidos,Apopka,Florida
1792,Usca,East Of Usa,Estados Unidos,Quincy,Massachusetts
1793,Usca,South Of  Usa,Estados Unidos,Pembroke Pines,Florida
1794,Usca,West Of Usa,Estados Unidos,Everett,Washington
1795,Africa,Central Africa,Angola,Namibe,Namibe
1796,Africa,East Africa,Kenia,Kisumu,Nyanza
1797,Africa,Central Africa,Camerún,Garoua,Nord
1798,Europe,Western Europe,Francia,Colmar,Alsacia-Champaña-Ardenas-Lorena
1799,Europe,Southern Europe,Italia,Benevento,Campania
1800,Europe,Western Europe,Francia,Noisy-le-Sec,Isla de Francia
1801,Europe,Western Europe,Francia,Longjumeau,Isla de Francia
1802,Europe,Western Europe,Alemania,Kerpen,Renania del Norte-Westfalia
1803,Europe,Northern Europe,Reino Unido,Rhondda,Gales
1804,Europe,Western Europe,Francia,Le Pontet,Provenza-Alpes-Costa Azul
1805,Europe,Western Europe,Francia,Villejuif,Isla de Francia
1806,Europe,Southern Europe,España,Dos Hermanas,Andalucía
1807,Pacific Asia,South Asia,Irán,Sari,Mazandarán
1808,Pacific Asia,South Asia,Pakistán,Multan,Punyab
1809,Pacific Asia,Eastern Asia,Japón,Saga,Saga
1810,Pacific Asia,South Asia,India,Allahabad,Uttar Pradesh
1811,Usca,West Of Usa,Estados Unidos,Bellevue,Washington
1812,Usca,South Of  Usa,Estados Unidos,Bowling Green,Kentucky
1813,Africa,East Africa,Zambia,Ndola,Copperbelt
1814,Africa,West Africa,Mali,Mopti,Mopti
1815,Europe,Southern Europe,Italia,Torre del Greco,Campania
1816,Europe,Southern Europe,Italia,Velletri,Lacio
1817,Europe,Southern Europe,Albania,Durres,Durrës
1818,Latam,Central America,México,Guaymas,Sonora
1819,Pacific Asia,Eastern Asia,China,Kaifeng,Henan
1820,Pacific Asia,Oceania,Australia,Queanbeyan,Nueva Gales del Sur
1821,Usca,West Of Usa,Estados Unidos,Glendale,Arizona
1822,Usca,South Of  Usa,Estados Unidos,Sandy Springs,Georgia
1823,Usca,South Of  Usa,Estados Unidos,Monroe,Luisiana
1824,Africa,West Africa,Ghana,Kumasi,Ashanti
1825,Europe,Western Europe,Alemania,Bonn,Renania del Norte-Westfalia
1826,Europe,Western Europe,Francia,Saint-Genis-Laval,Auvernia-Ródano-Alpes
1827,Europe,Western Europe,Francia,La Celle-Saint-Cloud,Isla de Francia
1828,Europe,Western Europe,Francia,Montrouge,Isla de Francia
1829,Europe,Western Europe,Francia,Oyonnax,Auvernia-Ródano-Alpes
1830,Europe,Western Europe,Alemania,Karlsruhe,Baden-Wurtemberg
1831,Europe,Southern Europe,España,Lora del Río,Andalucía
1832,Europe,Western Europe,Francia,Colombes,Isla de Francia
1833,Europe,Western Europe,Países Bajos,Zaanstad,Holanda Septentrional
1834,Europe,Southern Europe,España,Estepona,Andalucía
1835,Latam,South America,Perú,Chimbote,Ancash
1836,Latam,Central America,México,Guanajuato,Guanajuato
1837,Latam,South America,Brasil,Gurupi,Tocantins
1838,Pacific Asia,Southeast Asia,Indonesia,Tasikmalaya,Java Occidental
1839,Pacific Asia,South Asia,India,Nasik,Maharashtra
1840,Pacific Asia,Southeast Asia,Filipinas,Marikina,Capital Nacional
1841,Pacific Asia,Eastern Asia,China,Zhumadian,Henan
1842,Pacific Asia,Eastern Asia,China,Kaiyuan,Liaoning
1843,Usca,South Of  Usa,Estados Unidos,Palm Coast,Florida
1844,Usca,Canada,Canada,Oshawa,Ontario
1845,Usca,South Of  Usa,Estados Unidos,Waynesboro,Virginia
1846,Usca,Us Center,Estados Unidos,Freeport,Illinois
1847,Usca,West Of Usa,Estados Unidos,Hesperia,California
1848,Usca,South Of  Usa,Estados Unidos,Bristol,Tennessee
1849,Pacific Asia,Southeast Asia,Indonesia,Banjarmasin,Borneo Meridional
1850,Africa,Central Africa,República Democrática del Congo,Kolwezi,Katanga
1851,Europe,Southern Europe,España,Puertollano,Castilla-La Mancha
1852,Usca,West Of Usa,Estados Unidos,Salem,Oregón
1853,Latam,South America,Perú,Chincha Alta,Ica
1854,Africa,North Africa,Argelia,Laghouat,Laghouat
1855,Africa,Southern Africa,SudAfrica,eMbalenhle,Mpumalanga
1856,Africa,East Africa,Zambia,Lusaka,Lusaka
1857,Europe,Northern Europe,Reino Unido,Maidenhead,Inglaterra
1858,Europe,Eastern Europe,Bielorrusia,Lida,Grodno
1859,Europe,Western Europe,Francia,Lens,Norte-Paso de Calais-Picardía
1860,Europe,Northern Europe,Reino Unido,Nottingham,Inglaterra
1861,Europe,Northern Europe,Reino Unido,Fareham,Inglaterra
1862,Europe,Northern Europe,Reino Unido,Runcorn,Inglaterra
1863,Europe,Southern Europe,España,Sagunto,Valenciana
1864,Europe,Western Europe,Francia,Cannes,Provenza-Alpes-Costa Azul
1865,Europe,Southern Europe,Italia,Como,Lombardía
1866,Europe,Northern Europe,Reino Unido,Blackburn,Inglaterra
1867,Europe,Southern Europe,España,Vigo,Galicia
1868,Europe,Western Europe,Alemania,Euskirchen,Renania del Norte-Westfalia
1869,Europe,Western Europe,Francia,Vernon,Normandía
1870,Europe,Eastern Europe,Rusia,Gubkin,Bélgorod
1871,Europe,Eastern Europe,República Checa,Praga,Praga
1872,Europe,Western Europe,Alemania,Troisdorf,Renania del Norte-Westfalia
1873,Europe,Western Europe,Bélgica,Leuven,Brabante Flamenco
1874,Europe,Northern Europe,Reino Unido,Burnley,Inglaterra
1875,Europe,Eastern Europe,Rusia,Briansk,Briansk
1876,Europe,Western Europe,Austria,Graz,Stiria
1877,Europe,Western Europe,Bélgica,Bruselas,Bruselas
1878,Europe,Western Europe,Alemania,Norderstedt,Schleswig-Holstein
1879,Europe,Western Europe,Países Bajos,Eindhoven,Brabante Septentrional
1880,Latam,South America,Bolivia,Potosí,Potosí
1881,Latam,South America,Colombia,Palmira,Valle del Cauca
1882,Latam,South America,Brasil,São Luís,Marañón
1883,Latam,Central America,México,Melchor Ocampo,México
1884,Latam,Central America,México,Guzmán,Jalisco
1885,Latam,South America,Brasil,Caçador,Santa Catarina
1886,Latam,South America,Perú,Piura,Piura
1887,Latam,South America,Brasil,Ibirité,Minas Gerais
1888,Latam,Central America,México,Zihuatanejo,Guerrero
1889,Latam,South America,Colombia,Los Patios,Norte de Santander
1890,Latam,South America,Brasil,Lençóis Paulista,São Paulo
1891,Pacific Asia,Southeast Asia,Indonesia,Bengkulu,Bengkulu
1892,Pacific Asia,South Asia,India,Karnal,Haryana
1893,Pacific Asia,Eastern Asia,China,Mentougou,Pekín
1894,Pacific Asia,South Asia,Irán,Quchan,Jorasán Razaví
1895,Pacific Asia,South Asia,India,Hapur,Uttar Pradesh
1896,Pacific Asia,Eastern Asia,China,Jinjiang,Fujian
1897,Pacific Asia,Eastern Asia,China,Sanya,Hainan
1898,Pacific Asia,Eastern Asia,China,Bengbu,Anhui
1899,Pacific Asia,South Asia,Irán,Hamadán,Hamadán
1900,Pacific Asia,Eastern Asia,China,Jining,Mongolia Interior
1901,Pacific Asia,South Asia,India,Jammu,Jammu y Cachemira
1902,Usca,Us Center,Estados Unidos,Edinburg,Texas
1903,Usca,West Of Usa,Estados Unidos,Springfield,Oregón
1904,Usca,West Of Usa,Estados Unidos,Lake Elsinore,California
1905,Usca,Us Center,Estados Unidos,Indianapolis,Indiana
1906,Usca,East Of Usa,Estados Unidos,Allentown,Pensilvania
1907,Usca,Us Center,Estados Unidos,Grand Prairie,Texas
1908,Usca,East Of Usa,Estados Unidos,New Bedford,Massachusetts
1909,Usca,East Of Usa,Estados Unidos,Troy,Nueva York
1910,Usca,Us Center,Estados Unidos,Garden City,Kansas
1911,Usca,Us Center,Estados Unidos,La Crosse,Wisconsin
1912,Usca,East Of Usa,Estados Unidos,Dublín,Ohio
1913,Usca,West Of Usa,Estados Unidos,Redwood City,California
1914,Usca,East Of Usa,Estados Unidos,Everett,Massachusetts
1915,Usca,South Of  Usa,Estados Unidos,Chattanooga,Tennessee
1916,Usca,South Of  Usa,Estados Unidos,Jackson,Tennessee
1917,Usca,West Of Usa,Estados Unidos,Mesa,Arizona
1918,Usca,East Of Usa,Estados Unidos,Dover,Nuevo Hampshire
1919,Usca,East Of Usa,Estados Unidos,Mount Vernon,Nueva York
1920,Usca,West Of Usa,Estados Unidos,North Las Vegas,Nevada
1921,Usca,Us Center,Estados Unidos,Kenosha,Wisconsin
1922,Usca,Us Center,Estados Unidos,Richmond,Indiana
1923,Usca,East Of Usa,Estados Unidos,Cleveland,Ohio
1924,Usca,West Of Usa,Estados Unidos,Avondale,Arizona
1925,Usca,Us Center,Estados Unidos,Green Bay,Wisconsin
1926,Usca,Us Center,Estados Unidos,Naperville,Illinois
1927,Usca,Us Center,Estados Unidos,Glenview,Illinois
1928,Usca,East Of Usa,Estados Unidos,Watertown,Nueva York
1929,Usca,Us Center,Estados Unidos,Trenton,Michigan
1930,Usca,East Of Usa,Estados Unidos,Lakewood,Ohio
1931,Usca,West Of Usa,Estados Unidos,Bakersfield,California
1932,Usca,Us Center,Estados Unidos,Plano,Texas
1933,Usca,West Of Usa,Estados Unidos,Rio Rancho,Nuevo México
1934,Usca,West Of Usa,Estados Unidos,Vallejo,California
1935,Usca,South Of  Usa,Estados Unidos,Bossier City,Luisiana
1936,Usca,South Of  Usa,Estados Unidos,Smyrna,Georgia
1937,Usca,Canada,Canada,Markham,Ontario
1938,Usca,Us Center,Estados Unidos,Bloomington,Illinois
1939,Usca,East Of Usa,Estados Unidos,Hackensack,Nueva Jersey
1940,Usca,South Of  Usa,Estados Unidos,Burlington,Carolina del Norte
1941,Usca,East Of Usa,Estados Unidos,Toledo,Ohio
1942,Usca,West Of Usa,Estados Unidos,Santa Barbara,California
1943,Usca,Us Center,Estados Unidos,Texas City,Texas
1944,Usca,East Of Usa,Estados Unidos,Middletown,Connecticut
1945,Usca,Us Center,Estados Unidos,Evanston,Illinois
1946,Usca,West Of Usa,Estados Unidos,Eugene,Oregón
1947,Usca,South Of  Usa,Estados Unidos,Pensacola,Florida
1948,Usca,West Of Usa,Estados Unidos,Edmonds,Washington
1949,Usca,East Of Usa,Estados Unidos,Plainfield,Nueva Jersey
1950,Usca,South Of  Usa,Estados Unidos,Boynton Beach,Florida
1951,Usca,Us Center,Estados Unidos,La Porte,Indiana
1952,Usca,Us Center,Estados Unidos,Irving,Texas
1953,Usca,South Of  Usa,Estados Unidos,Athens,Georgia
1954,Africa,North Africa,Marruecos,Safi,Dukala-Abda
1955,Africa,North Africa,Argelia,Béchar,Béchar
1956,Africa,Central Africa,Camerún,Yaounde,Centro
1957,Africa,West Africa,Nigeria,Aba,Abia
1958,Africa,Central Africa,Camerún,Ebolowa,Sud
1959,Africa,West Africa,Nigeria,Abeokuta,Ogun
1960,Africa,North Africa,Egipto,Beni Suef,Bani Suwayf
1961,Africa,West Africa,Nigeria,Mubi,Adamawa
1962,Africa,Central Africa,República Democrática del Congo,Kisangani,Provincia Oriental
1963,Africa,West Africa,Guinea,Kankan,Kankan
1964,Africa,Southern Africa,SudAfrica,Krugersdorp,Gauteng
1965,Africa,Central Africa,República del Congo,Loubomo,Niari
1966,Europe,Western Europe,Países Bajos,Spijkenisse,Holanda Meridional
1967,Europe,Northern Europe,Reino Unido,Bedford,Inglaterra
1968,Europe,Southern Europe,España,Murcia,Murcia
1969,Europe,Western Europe,Alemania,Dinslaken,Renania del Norte-Westfalia
1970,Europe,Western Europe,Francia,Les Mureaux,Isla de Francia
1971,Europe,Eastern Europe,Rumania,Cluj-Napoca,Cluj
1972,Europe,Eastern Europe,Polonia,Bialystok,Podlaquia
1973,Europe,Western Europe,Bélgica,Roeselare,Flanders Occidental
1974,Europe,Western Europe,Francia,Faches-Thumesnil,Norte-Paso de Calais-Picardía
1975,Europe,Northern Europe,Reino Unido,Barnsley,Inglaterra
1976,Europe,Northern Europe,Reino Unido,Dudley,Inglaterra
1977,Europe,Southern Europe,Italia,Pomezia,Lacio
1978,Europe,Western Europe,Francia,Grasse,Provenza-Alpes-Costa Azul
1979,Europe,Western Europe,Francia,Villefontaine,Auvernia-Ródano-Alpes
1980,Europe,Eastern Europe,Polonia,Tarnow,Polonia Menor
1981,Europe,Southern Europe,Italia,Rovigo,Véneto
1982,Europe,Southern Europe,Bosnia y Herzegovina,Tuzla,Federación de Bosnia y Herzegovina
1983,Europe,Eastern Europe,Ucrania,Zaporiyia,Zaporiyia
1984,Europe,Eastern Europe,Bulgaria,Burgas,Burgas
1985,Europe,Western Europe,Alemania,Moers,Renania del Norte-Westfalia
1986,Europe,Western Europe,Austria,Klagenfurt,Carintia
1987,Europe,Western Europe,Francia,Grenoble,Auvernia-Ródano-Alpes
1988,Europe,Southern Europe,España,Coslada,Madrid
1989,Europe,Western Europe,Alemania,Witten,Renania del Norte-Westfalia
1990,Europe,Southern Europe,España,Fuengirola,Andalucía
1991,Europe,Western Europe,Francia,Montigny-le-Bretonneux,Isla de Francia
1992,Europe,Western Europe,Francia,Fleury-les-Aubrais,Centro-Valle de Loira
1993,Europe,Northern Europe,Reino Unido,Chesterfield,Inglaterra
1994,Europe,Southern Europe,España,Elda,Valenciana
1995,Europe,Western Europe,Francia,Pierrefitte-sur-Seine,Isla de Francia
1996,Europe,Western Europe,Francia,Narbonne,Languedoc-Rosellón-Mediodía-Pirineos
1997,Europe,Western Europe,Bélgica,Bruges,Flanders Occidental
1998,Europe,Western Europe,Francia,Frontignan,Languedoc-Rosellón-Mediodía-Pirineos
1999,Europe,Western Europe,Francia,Schiltigheim,Alsacia-Champaña-Ardenas-Lorena
2000,Europe,Western Europe,Alemania,Hagen,Renania del Norte-Westfalia
2001,Europe,Southern Europe,Italia,Trieste,Friuli-Venecia Julia
2002,Europe,Western Europe,Francia,Amiens,Norte-Paso de Calais-Picardía
2003,Latam,South America,Brasil,Caucaia,Ceará
2004,Latam,South America,Argentina,Corrientes,Corrientes
2005,Latam,South America,Brasil,Novo Cruzeiro,Minas Gerais
2006,Latam,Central America,México,Monclova,Coahuila
2007,Latam,South America,Brasil,Boa Vista,Roraima
2008,Latam,South America,Brasil,Natal,Río Grande del Norte
2009,Latam,South America,Brasil,Petrópolis,Río de Janeiro
2010,Latam,Caribbean,Cuba,Cárdenas,Matanzas
2011,Latam,South America,Brasil,Barbacena,Minas Gerais
2012,Latam,Central America,México,Cuajimalpa,Distrito Federal
2013,Latam,South America,Brasil,Jaboticabal,São Paulo
2014,Latam,South America,Brasil,Mogi das Cruzes,São Paulo
2015,Latam,South America,Brasil,José Bonifácio,São Paulo
2016,Latam,South America,Venezuela,Bolívar,Bolívar
2017,Latam,Central America,México,Cuautitlán,México
2018,Latam,South America,Brasil,Abreu e Lima,Pernambuco
2019,Latam,South America,Colombia,Ibagué,Tolima
2020,Latam,South America,Brasil,Ijuí,Rio Grande do Sul
2021,Pacific Asia,South Asia,India,Bhopal,Madhya Pradesh
2022,Pacific Asia,South Asia,India,Bhiwandi,Maharashtra
2023,Pacific Asia,Eastern Asia,Japón,Yokkaichi,Oita
2024,Pacific Asia,South Asia,Irán,Khorramshahr,Juzestán
2025,Pacific Asia,South Asia,India,Ambattur,Tamil Nadu
2026,Pacific Asia,South Asia,Irán,Amol,Mazandarán
2027,Pacific Asia,West Asia,Turquía,Felahiye,Kayseri
2028,Pacific Asia,West Asia,Turquía,Menemen,Izmir
2029,Pacific Asia,Eastern Asia,China,Licheng,Guangdong
2030,Pacific Asia,Oceania,Australia,Geraldton,Australia Occidental
2031,Pacific Asia,West Asia,Turquía,Bandirma,Balikesir
2032,Pacific Asia,Eastern Asia,China,Yanji,Jilin
2033,Pacific Asia,West Asia,Omán,Mascate,Mascate
2034,Pacific Asia,Central Asia,Turkmenistán,Mary,Mary
2035,Pacific Asia,West Asia,Turquía,Osmaniye,Osmaniye
2036,Pacific Asia,South Asia,Irán,Masjed Soleyman,Juzestán
2037,Pacific Asia,South Asia,India,Guntur,Andhra Pradesh
2038,Pacific Asia,West Asia,Irak,Karbala,Karbala
2039,Pacific Asia,South Asia,Irán,Arak,Markazí
2040,Pacific Asia,Eastern Asia,China,Changsha,Hunan
2041,Pacific Asia,Eastern Asia,China,Yicheng,Hubei
2042,Pacific Asia,Eastern Asia,Japón,Matsudo,Chiba
2043,Pacific Asia,West Asia,Turquía,Etimesgut,Ankara
2044,Pacific Asia,Eastern Asia,China,Huizhou,Guangdong
2045,Pacific Asia,Eastern Asia,Japón,Shimonoseki,Yamaguchi
2046,Pacific Asia,Eastern Asia,China,Shijiazhuang,Hebei
2047,Pacific Asia,South Asia,India,Coimbatore,Tamil Nadu
2048,Usca,Us Center,Estados Unidos,Dearborn,Michigan
2049,Usca,East Of Usa,Estados Unidos,York,Pensilvania
2050,Usca,West Of Usa,Estados Unidos,Pomona,California
2051,Usca,West Of Usa,Estados Unidos,Caldwell,Idaho
2052,Usca,South Of  Usa,Estados Unidos,Gastonia,Carolina del Norte
2053,Usca,Us Center,Estados Unidos,Saginaw,Michigan
2054,Usca,East Of Usa,Estados Unidos,Dover,Delaware
2055,Usca,Canada,Canada,Vancouver,Columbia británica
2056,Usca,East Of Usa,Estados Unidos,Lorain,Ohio
2057,Usca,Us Center,Estados Unidos,Lubbock,Texas
2058,Usca,Canada,Canada,Saint-Laurent,Quebec
2059,Usca,East Of Usa,Estados Unidos,Yonkers,Nueva York
2060,Usca,South Of  Usa,Estados Unidos,Montgomery,Alabama
2061,Usca,Us Center,Estados Unidos,Roseville,Minnesota
2062,Usca,South Of  Usa,Estados Unidos,Suffolk,Virginia
2063,Usca,West Of Usa,Estados Unidos,Des Moines,Washington
2064,Usca,East Of Usa,Estados Unidos,Utica,Nueva York
2065,Usca,West Of Usa,Estados Unidos,Apple Valley,California
2066,Usca,East Of Usa,Estados Unidos,Washington,Distrito de Columbia
2067,Usca,East Of Usa,Estados Unidos,Bridgeton,Nueva Jersey
2068,Usca,West Of Usa,Estados Unidos,Tigard,Oregón
2069,Usca,East Of Usa,Estados Unidos,Franklin,Massachusetts
2070,Usca,Us Center,Estados Unidos,Rockford,Illinois
2071,Usca,East Of Usa,Estados Unidos,Malden,Massachusetts
2072,Usca,East Of Usa,Estados Unidos,Fairfield,Ohio
2073,Africa,Southern Africa,SudAfrica,Bloemfontein,Estado Libre
2074,Africa,North Africa,Argelia,Batna,Batna
2075,Africa,West Africa,Nigeria,Sokoto,Sokoto
2076,Africa,Southern Africa,SudAfrica,Westonaria,Gauteng
2077,Africa,North Africa,Túnez,Túnez,Túnez
2078,Africa,West Africa,Níger,Maradi,Maradi
2079,Africa,Central Africa,Angola,Benguela,Benguela
2080,Europe,Northern Europe,Reino Unido,Bideford,Inglaterra
2081,Europe,Western Europe,Alemania,Friedberg,Hesse
2082,Europe,Western Europe,Alemania,Schiffweiler,Sarre
2083,Europe,Eastern Europe,Rumania,Resita,Caras-Severin
2084,Europe,Western Europe,Francia,Rosny-sous-Bois,Isla de Francia
2085,Europe,Western Europe,Francia,Lisieux,Normandía
2086,Europe,Eastern Europe,Rumania,Arad,Arad
2087,Europe,Western Europe,Francia,Montereau-Fault-Yonne,Isla de Francia
2088,Europe,Eastern Europe,Ucrania,Uman,Cherkasy
2089,Europe,Western Europe,Alemania,Passau,Bavaria
2090,Europe,Southern Europe,Italia,Busto Arsizio,Lombardía
2091,Europe,Eastern Europe,Ucrania,Luts'k,Volinia
2092,Europe,Western Europe,Francia,Denain,Norte-Paso de Calais-Picardía
2093,Europe,Western Europe,Francia,Bourges,Centro-Valle de Loira
2094,Europe,Western Europe,Francia,Meaux,Isla de Francia
2095,Europe,Northern Europe,Reino Unido,Slough,Inglaterra
2096,Europe,Northern Europe,Reino Unido,Reading,Inglaterra
2097,Europe,Southern Europe,España,El Ejido,Andalucía
2098,Europe,Western Europe,Alemania,Cottbus,Brandenburgo
2099,Usca,West Of Usa,Estados Unidos,Lakewood,California
2100,Usca,West Of Usa,Estados Unidos,Sunnyvale,California
2101,Usca,Us Center,Estados Unidos,Carrollton,Texas
2102,Usca,South Of  Usa,Estados Unidos,Pine Bluff,Arkansas
2103,Usca,Us Center,Estados Unidos,Laredo,Texas
2104,Usca,Us Center,Estados Unidos,Mishawaka,Indiana
2105,Africa,Central Africa,Camerún,Ngaoundere,Adamaoua
2106,Africa,West Africa,Sierra Leona,Makeni,Septentrional
2107,Africa,East Africa,Tanzania,Mbeya,Mbeya
2108,Africa,West Africa,Nigeria,Ilorin,Kwara
2109,Africa,West Africa,Nigeria,Jos,Plateau
2110,Africa,West Africa,Benín,Natitingou,Atakora
2111,Africa,Southern Africa,SudAfrica,East London,Cabo Oriental
2112,Africa,East Africa,Yibuti,Yibuti,Yibuti
2113,Africa,Central Africa,Camerún,Bertoua,Est
2114,Africa,North Africa,Egipto,Bilbeis,Ash Sharqiyah
2115,Europe,Eastern Europe,Bielorrusia,Grodno,Grodno
2116,Europe,Western Europe,Austria,Wels,Alta Austria
2117,Europe,Western Europe,Francia,Villeneuve-sur-Lot,Aquitania-Lemosín-Poitou-Charentes
2118,Europe,Western Europe,Francia,Taverny,Isla de Francia
2119,Europe,Eastern Europe,Rusia,Usol'ye-Sibirskoye,Irkutsk
2120,Europe,Eastern Europe,Rusia,Kopeysk,Cheliábinsk
2121,Europe,Southern Europe,España,Santiago de Compostela,Galicia
2122,Europe,Western Europe,Francia,Guyancourt,Isla de Francia
2123,Europe,Northern Europe,Reino Unido,Norwich,Inglaterra
2124,Europe,Southern Europe,Italia,Bolzano,Trentino-Alto Adigio
2125,Europe,Eastern Europe,Rumania,Baia Mare,Maramures
2126,Europe,Western Europe,Francia,Le Cannet,Provenza-Alpes-Costa Azul
2127,Europe,Western Europe,Alemania,Ludwigshafen am Rhein,Renania-Palatinado
2128,Europe,Eastern Europe,Ucrania,Drogobych,Lviv
2129,Europe,Eastern Europe,Moldavia,Chisináu,Chisináu
2130,Europe,Western Europe,Francia,Gardanne,Provenza-Alpes-Costa Azul
2131,Europe,Western Europe,Francia,Beaune,Borgoña-Franco Condado
2132,Latam,South America,Venezuela,Guayana,Bolívar
2133,Latam,South America,Colombia,Ocaña,Norte de Santander
2134,Latam,Central America,México,Sahuayo de José María Morelos,Michoacán
2135,Latam,South America,Brasil,Duque de Caxias,Río de Janeiro
2136,Latam,Central America,México,Chetumal,Quintana Roo
2137,Latam,South America,Brasil,Montes Claros,Minas Gerais
2138,Latam,South America,Brasil,Goiânia,Goiás
2139,Latam,Central America,México,Fresnillo de González Echeverría,Zacatecas
2140,Latam,South America,Venezuela,Carora,Lara
2141,Latam,South America,Brasil,Diadema,São Paulo
2142,Pacific Asia,West Asia,Turquía,Esenyurt,Estambul
2143,Pacific Asia,South Asia,Irán,Khomeynishahr,Isfahán
2144,Pacific Asia,Southeast Asia,Indonesia,Banda Aceh,Aceh
2145,Pacific Asia,South Asia,Irán,Sabzevar,Jorasán Razaví
2146,Pacific Asia,Eastern Asia,China,Shuangyashan,Heilongjiang
2147,Pacific Asia,Eastern Asia,Japón,Ueda,Nagano
2148,Pacific Asia,Oceania,Nueva Zelanda,Hastings,Hawke's Bay
2149,Usca,South Of  Usa,Estados Unidos,Hendersonville,Tennessee
2150,Usca,West Of Usa,Estados Unidos,Scottsdale,Arizona
2151,Usca,South Of  Usa,Estados Unidos,Hickory,Carolina del Norte
2152,Usca,West Of Usa,Estados Unidos,Meridian,Idaho
2153,Usca,Canada,Canada,Waterloo,Ontario
2154,Usca,South Of  Usa,Estados Unidos,Knoxville,Tennessee
2155,Africa,Central Africa,Camerún,Bafoussam,Ouest
2156,Africa,East Africa,Tanzania,Kigoma,Kigoma
2157,Africa,East Africa,Burundi,Bujumbura,Buyumbura Mairie
2158,Europe,Western Europe,Francia,Beauvais,Norte-Paso de Calais-Picardía
2159,Europe,Southern Europe,España,Ceuta,Ceuta
2160,Europe,Southern Europe,Italia,Quartu Sant'Elena,Cerdeña
2161,Europe,Southern Europe,Italia,Castellammare di Stabia,Campania
2162,Europe,Eastern Europe,Ucrania,Nizhyn,Chernihiv
2163,Europe,Eastern Europe,Polonia,Rybnik,Silesia
2164,Europe,Northern Europe,Reino Unido,Worthing,Inglaterra
2165,Europe,Northern Europe,Reino Unido,York,Inglaterra
2166,Europe,Southern Europe,España,Santander,Cantabria
2167,Europe,Northern Europe,Reino Unido,Oxford,Inglaterra
2168,Europe,Southern Europe,Italia,Fiumicino,Lacio
2169,Europe,Southern Europe,España,Sant Boi de Llobregat,Cataluña
2170,Europe,Southern Europe,Montenegro,Podgorica,Podgorica
2171,Europe,Southern Europe,Bosnia y Herzegovina,Sarajevo,Federación de Bosnia y Herzegovina
2172,Latam,Central America,México,Garza García,Nuevo León
2173,Pacific Asia,Oceania,Australia,Orange,Nueva Gales del Sur
2174,Usca,Us Center,Estados Unidos,Sterling Heights,Michigan
2175,Usca,South Of  Usa,Estados Unidos,Hialeah,Florida
2176,Usca,West Of Usa,Estados Unidos,Chandler,Arizona
2177,Africa,East Africa,Tanzania,Chalinze,Pwani
2178,Africa,Central Africa,Gabón,Libreville,Estuaire
2179,Europe,Southern Europe,Italia,Vignola,Emilia-Romaña
2180,Europe,Western Europe,Francia,Fontenay-le-Comte,Países del Loira
2181,Europe,Western Europe,Países Bajos,Delft,Holanda Meridional
2182,Europe,Western Europe,Francia,Abbeville,Norte-Paso de Calais-Picardía
2183,Europe,Northern Europe,Reino Unido,Chester,Inglaterra
2184,Europe,Western Europe,Francia,Saint-Pierre-des-Corps,Centro-Valle de Loira
2185,Europe,Northern Europe,Reino Unido,Washington,Inglaterra
2186,Europe,Northern Europe,Reino Unido,Bath,Inglaterra
2187,Europe,Southern Europe,Albania,Vlore,Vlorë
2188,Europe,Southern Europe,Italia,Cremona,Lombardía
2189,Europe,Western Europe,Francia,Colomiers,Languedoc-Rosellón-Mediodía-Pirineos
2190,Latam,South America,Brasil,Lorena,São Paulo
2191,Latam,South America,Brasil,Paranaguá,Paraná
2192,Latam,South America,Colombia,Mosquera,Cundinamarca
2193,Latam,South America,Brasil,Guanambi,Bahía
2194,Pacific Asia,Central Asia,Uzbekistán,Andijon,Andiján
2195,Pacific Asia,Oceania,Nueva Zelanda,Papakura,Auckland
2196,Pacific Asia,Eastern Asia,China,Ningbo,Zhejiang
2197,Usca,East Of Usa,Estados Unidos,Orange,Nueva Jersey
2198,Usca,Us Center,Estados Unidos,Bedford,Texas
2199,Usca,East Of Usa,Estados Unidos,Bristol,Connecticut
2200,Usca,Canada,Canada,Brampton,Ontario
2201,Europe,Eastern Europe,Rusia,Severodvinsk,Arjánguelsk
2202,Latam,South America,Chile,San Bernardo,Santiago de Chile
2203,Pacific Asia,South Asia,Pakistán,Islamabad,Territorio de la Capital Federal
2204,Pacific Asia,Eastern Asia,China,Wuchang,Heilongjiang
2205,Usca,South Of  Usa,Estados Unidos,Johnson City,Tennessee
2206,Europe,Western Europe,Francia,Saint-Dizier,Alsacia-Champaña-Ardenas-Lorena
2207,Usca,South Of  Usa,Estados Unidos,Lake Charles,Luisiana
2208,Africa,North Africa,Sudán,Al Manaqil,Gezira
2209,Africa,North Africa,Marruecos,Sidi Qacem,Garb-Chrarda-Beni Hsen
2210,Europe,Western Europe,Francia,Saint-Nazaire,Países del Loira
2211,Africa,East Africa,Uganda,Gulu,Gulu
2212,Europe,Southern Europe,Italia,Boscoreale,Campania
2213,Latam,South America,Venezuela,Cagua,Aragua
2214,Latam,South America,Ecuador,Cuenca,Azuay
2215,Pacific Asia,Eastern Asia,China,Nanning,Guangxi
2216,Usca,West Of Usa,Estados Unidos,Mission Viejo,California
2217,Europe,Northern Europe,Reino Unido,Barry,Gales
2218,Pacific Asia,Eastern Asia,China,Yulin,Shaanxi
2219,Africa,North Africa,Egipto,Kafr ad Dawwar,Al Buhayrah
2220,Europe,Northern Europe,Reino Unido,Morley,Inglaterra
2221,Latam,South America,Brasil,Rio Grande,Rio Grande do Sul
2222,Pacific Asia,South Asia,Pakistán,Peshawar,Jaiber Pajtunjuá
2223,Latam,South America,Colombia,Girón,Santander
2224,Europe,Northern Europe,Reino Unido,Coventry,Inglaterra
2225,Africa,East Africa,Ruanda,Kigali,Kigali
2226,Africa,East Africa,Sudán del Sur,Juba,Ecuatoria Central
2227,Europe,Western Europe,Alemania,Koblenz,Renania-Palatinado
2228,Europe,Western Europe,Alemania,Unna,Renania del Norte-Westfalia
2229,Europe,Western Europe,Luxemburgo,Luxemburgo,Luxemburgo
2230,Europe,Northern Europe,Reino Unido,Newcastle upon Tyne,Inglaterra
2231,Europe,Western Europe,Francia,Maisons-Laffitte,Isla de Francia
2232,Europe,Western Europe,Francia,Toul,Alsacia-Champaña-Ardenas-Lorena
2233,Latam,South America,Brasil,Pinheiro,Marañón
2234,Latam,South America,Bolivia,Sucre,Chuquisaca
2235,Latam,South America,Paraguay,San Lorenzo,Central
2236,Latam,South America,Venezuela,Petare,Miranda
2237,Pacific Asia,Eastern Asia,China,Zhongxiang,Hubei
2238,Pacific Asia,South Asia,India,Indore,Madhya Pradesh
2239,Pacific Asia,South Asia,India,Salem,Tamil Nadu
2240,Pacific Asia,Southeast Asia,Malasia,Shah Alam,Selangor
2241,Pacific Asia,Eastern Asia,China,Zunyi,Guizhou
2242,Usca,East Of Usa,Estados Unidos,Gaithersburg,Maryland
2243,Usca,West Of Usa,Estados Unidos,Carlsbad,Nuevo México
2244,Usca,East Of Usa,Estados Unidos,Vineland,Nueva Jersey
2245,Africa,Southern Africa,SudAfrica,George,Cabo Occidental
2246,Europe,Northern Europe,Reino Unido,Liverpool,Inglaterra
2247,Pacific Asia,Eastern Asia,China,Pingdingshan,Henan
2248,Pacific Asia,South Asia,India,Patiala,Punyab
2249,Africa,Central Africa,Camerún,Kumba,Ouest del Sur
2250,Africa,North Africa,Marruecos,Beni Mellal,Tadla-Azilal
2251,Europe,Eastern Europe,Rumania,Iasi,Iasi
2252,Europe,Northern Europe,Reino Unido,Hinckley,Inglaterra
2253,Europe,Western Europe,Francia,Arras,Norte-Paso de Calais-Picardía
2254,Europe,Northern Europe,Reino Unido,Kettering,Inglaterra
2255,Europe,Western Europe,Francia,Bar-le-Duc,Alsacia-Champaña-Ardenas-Lorena
2256,Europe,Southern Europe,Italia,Latina,Lacio
2257,Europe,Southern Europe,Italia,Imola,Emilia-Romaña
2258,Europe,Southern Europe,España,El Prat de Llobregat,Cataluña
2259,Europe,Western Europe,Países Bajos,Venlo,Limburgo
2260,Europe,Western Europe,Francia,Saint-Cyr-sur-Loire,Centro-Valle de Loira
2261,Europe,Eastern Europe,Bulgaria,Yambol,Yambol
2262,Europe,Western Europe,Francia,Echirolles,Auvernia-Ródano-Alpes
2263,Europe,Western Europe,Francia,Saumur,Países del Loira
2264,Europe,Western Europe,Alemania,Villingen-Schwenningen,Baden-Wurtemberg
2265,Europe,Northern Europe,Reino Unido,Bristol,Inglaterra
2266,Europe,Western Europe,Alemania,Grevenbroich,Renania del Norte-Westfalia
2267,Europe,Western Europe,Francia,Carquefou,Países del Loira
2268,Europe,Northern Europe,Reino Unido,Worcester,Inglaterra
2269,Latam,South America,Brasil,Osasco,São Paulo
2270,Latam,Central America,México,Salamanca,Guanajuato
2271,Pacific Asia,South Asia,Irán,Behshahr,Mazandarán
2272,Pacific Asia,South Asia,India,Puducherry,Puducherry
2273,Pacific Asia,South Asia,India,Cuttack,Odisha
2274,Usca,Us Center,Estados Unidos,Mcallen,Texas
2275,Europe,Western Europe,Francia,Angers,Países del Loira
2276,Europe,Eastern Europe,República Checa,Hradec Králové,Hradec Králové
2277,Latam,South America,Argentina,Presidencia Roque Sáenz Peña,Chaco
2278,Usca,South Of  Usa,Estados Unidos,Greensboro,Carolina del Norte
2279,Usca,West Of Usa,Estados Unidos,Oceanside,California
2280,Africa,East Africa,Mozambique,Beira,Sofala
2281,Africa,West Africa,Mali,Sikasso,Sikasso
2282,Africa,East Africa,Tanzania,Arusha,Arusha
2283,Africa,West Africa,Togo,Sokode,Central
2284,Africa,East Africa,Zambia,Chingola,Copperbelt
2285,Africa,West Africa,Nigeria,Owo,Ondo
2286,Africa,North Africa,Egipto,Menia,Menia
2287,Africa,Southern Africa,SudAfrica,Giyani,Limpopo
2288,Africa,Southern Africa,Namibia,Windhoek,Khomas
2289,Africa,West Africa,Mauritania,Nouakchott,Nouakchott
2290,Africa,West Africa,Nigeria,Benin City,Edo
2291,Africa,East Africa,Mozambique,Pemba,Cabo Delgado
2292,Africa,West Africa,Nigeria,Ilesha,Osun
2293,Africa,Southern Africa,SudAfrica,Mpumalanga,KwaZulu-Natal
2294,Africa,North Africa,Argelia,Messaad,Djelfa
2295,Africa,East Africa,Kenia,Marsabit,Oriental
2296,Africa,West Africa,Benín,Kandi,Alibori
2297,Africa,West Africa,Sierra Leona,Bo,Meridional
2298,Europe,Western Europe,Francia,Torcy,Isla de Francia
2299,Europe,Western Europe,Alemania,Flensburg,Schleswig-Holstein
2300,Europe,Western Europe,Suiza,Basel,Basilea-Ciudad
2301,Europe,Southern Europe,Italia,La Spezia,Liguria
2302,Europe,Western Europe,Países Bajos,Roermond,Limburgo
2303,Europe,Eastern Europe,Ucrania,Krasnyy Luch,Lugansk
2304,Europe,Western Europe,Alemania,Pforzheim,Baden-Wurtemberg
2305,Europe,Southern Europe,Italia,Potenza,Basilicata
2306,Europe,Western Europe,Países Bajos,Alkmaar,Holanda Septentrional
2307,Europe,Northern Europe,Reino Unido,Torquay,Inglaterra
2308,Europe,Eastern Europe,Eslovaquia,Nitra,Nitra
2309,Europe,Western Europe,Francia,Laval,Países del Loira
2310,Europe,Eastern Europe,Ucrania,Nikopol,Dnipropetrovsk
2311,Europe,Southern Europe,Italia,Trento,Trentino-Alto Adigio
2312,Europe,Western Europe,Países Bajos,Hilversum,Holanda Septentrional
2313,Europe,Western Europe,Francia,Neuilly-Plaisance,Isla de Francia
2314,Europe,Northern Europe,Dinamarca,Sonderborg,Dinamarca Meridional
2315,Europe,Northern Europe,Suecia,Landskrona,Escania
2316,Europe,Western Europe,Francia,Evreux,Normandía
2317,Europe,Western Europe,Francia,Illkirch-Graffenstaden,Alsacia-Champaña-Ardenas-Lorena
2318,Europe,Southern Europe,Italia,Foligno,Umbría
2319,Europe,Southern Europe,Italia,Ercolano,Campania
2320,Europe,Western Europe,Alemania,Leverkusen,Renania del Norte-Westfalia
2321,Europe,Western Europe,Países Bajos,Deventer,Overijssel
2322,Europe,Eastern Europe,Bielorrusia,Zhlobin,Gómel
2323,Europe,Southern Europe,España,Parla,Madrid
2324,Europe,Southern Europe,Italia,Lecce,Apulia
2325,Europe,Western Europe,Francia,Alfortville,Isla de Francia
2326,Europe,Eastern Europe,Ucrania,Ternópil,Ternópil
2327,Europe,Southern Europe,España,Toledo,Castilla-La Mancha
2328,Europe,Western Europe,Francia,Nogent-sur-Oise,Norte-Paso de Calais-Picardía
2329,Europe,Western Europe,Francia,Douai,Norte-Paso de Calais-Picardía
2330,Europe,Western Europe,Francia,Saint-Herblain,Países del Loira
2331,Europe,Western Europe,Francia,Mitry-Mory,Isla de Francia
2332,Europe,Southern Europe,Albania,Korce,Korçë
2333,Europe,Northern Europe,Reino Unido,Huyton,Inglaterra
2334,Europe,Western Europe,Suiza,Lausanne,Vaud
2335,Europe,Western Europe,Francia,Montesson,Isla de Francia
2336,Europe,Eastern Europe,Rumania,Buzau,Buzau
2337,Europe,Southern Europe,España,Salamanca,Castilla y León
2338,Europe,Western Europe,Francia,Eragny,Isla de Francia
2339,Europe,Western Europe,Francia,Les Ulis,Isla de Francia
2340,Europe,Northern Europe,Reino Unido,Hove,Inglaterra
2341,Europe,Western Europe,Bélgica,Namur,Namur
2342,Europe,Western Europe,Francia,Yerres,Isla de Francia
2343,Europe,Southern Europe,Italia,Taranto,Apulia
2344,Europe,Western Europe,Austria,Innsbruck,Tirol
2345,Europe,Northern Europe,Reino Unido,Wakefield,Inglaterra
2346,Europe,Western Europe,Francia,Lunel,Languedoc-Rosellón-Mediodía-Pirineos
2347,Europe,Western Europe,Países Bajos,Assen,Drenthe
2348,Europe,Western Europe,Alemania,Bottrop,Renania del Norte-Westfalia
2349,Europe,Southern Europe,España,Alcobendas,Madrid
2350,Europe,Northern Europe,Suecia,Lund,Escania
2351,Europe,Southern Europe,Italia,Pistoia,Toscana
2352,Europe,Western Europe,Francia,Landerneau,Bretaña
2353,Europe,Northern Europe,Reino Unido,Hemel Hempstead,Inglaterra
2354,Europe,Western Europe,Alemania,Paderborn,Renania del Norte-Westfalia
2355,Europe,Northern Europe,Reino Unido,Rochdale,Inglaterra
2356,Europe,Western Europe,Alemania,Minden,Renania del Norte-Westfalia
2357,Europe,Southern Europe,Portugal,Coimbra,Coimbra
2358,Europe,Western Europe,Francia,Roubaix,Norte-Paso de Calais-Picardía
2359,Europe,Western Europe,Francia,Auxerre,Borgoña-Franco Condado
2360,Europe,Western Europe,Francia,Saint-Jean-de-la-Ruelle,Centro-Valle de Loira
2361,Europe,Western Europe,Francia,Forbach,Alsacia-Champaña-Ardenas-Lorena
2362,Europe,Western Europe,Bélgica,Aalst,Flanders Oriental
2363,Europe,Western Europe,Francia,Lomme,Norte-Paso de Calais-Picardía
2364,Europe,Eastern Europe,Polonia,Plock,Mazovia
2365,Europe,Western Europe,Países Bajos,Sittard,Limburgo
2366,Europe,Western Europe,Francia,Troyes,Alsacia-Champaña-Ardenas-Lorena
2367,Europe,Northern Europe,Lituania,Panevezys,Panevezys
2368,Europe,Southern Europe,Grecia,Athens,Attica
2369,Europe,Eastern Europe,Ucrania,Cherkasy,Cherkasy
2370,Europe,Eastern Europe,Rumania,Sibiu,Sibiu
2371,Europe,Northern Europe,Reino Unido,Chelmsford,Inglaterra
2372,Europe,Northern Europe,Reino Unido,Gillingham,Inglaterra
2373,Europe,Western Europe,Países Bajos,Velsen,Holanda Septentrional
2374,Europe,Western Europe,Alemania,Regensburg,Bavaria
2375,Europe,Northern Europe,Reino Unido,Sale,Inglaterra
2376,Latam,South America,Brasil,Jundiaí,São Paulo
2377,Pacific Asia,South Asia,Irán,Ardebil,Ardebil
2378,Pacific Asia,South Asia,India,Barasat,Bengala Occidental
2379,Pacific Asia,Southeast Asia,Vietnam,Can Tho,T?nh C?n Th?
2380,Pacific Asia,Southeast Asia,Indonesia,Binjai,Sumatra Septentrional
2381,Pacific Asia,South Asia,Irán,Sanandaj,Kurdistán
2382,Pacific Asia,Eastern Asia,China,Yangquan,Shanxi
2383,Pacific Asia,West Asia,Turquía,Elazig,Elazig
2384,Usca,South Of  Usa,Estados Unidos,Florence,Carolina del Sur
2385,Usca,West Of Usa,Estados Unidos,Lake Forest,California
2386,Usca,East Of Usa,Estados Unidos,Marion,Ohio
2387,Usca,South Of  Usa,Estados Unidos,Jupiter,Florida
2388,Usca,South Of  Usa,Estados Unidos,Coral Springs,Florida
2389,Usca,South Of  Usa,Estados Unidos,Georgetown,Kentucky
2390,Africa,West Africa,Costa de Marfil,Man,Dix-Huit Montagnes
2391,Africa,Central Africa,República Democrática del Congo,Kamina,Katanga
2392,Africa,West Africa,Nigeria,Owerri,Imo
2393,Europe,Northern Europe,Reino Unido,Birkenhead,Inglaterra
2394,Europe,Western Europe,Francia,Massy,Isla de Francia
2395,Europe,Northern Europe,Suecia,Helsingborg,Escania
2396,Europe,Southern Europe,Italia,Falconara Marittima,Marche
2397,Europe,Eastern Europe,Bulgaria,Plovdiv,Plovdiv
2398,Europe,Southern Europe,Italia,Legnano,Lombardía
2399,Europe,Western Europe,Francia,Lattes,Languedoc-Rosellón-Mediodía-Pirineos
2400,Europe,Northern Europe,Reino Unido,Middlesbrough,Inglaterra
2401,Europe,Western Europe,Alemania,Lippstadt,Renania del Norte-Westfalia
2402,Europe,Eastern Europe,Rumania,Braila,Braila
2403,Europe,Western Europe,Francia,Montgeron,Isla de Francia
2404,Europe,Western Europe,Francia,Vitry-sur-Seine,Isla de Francia
2405,Europe,Western Europe,Francia,Ploemeur,Bretaña
2406,Europe,Southern Europe,España,Manresa,Cataluña
2407,Europe,Western Europe,Alemania,Bamberg,Bavaria
2408,Latam,South America,Colombia,Ipiales,Nariño
2409,Latam,South America,Venezuela,Baruta,Miranda
2410,Latam,Central America,México,Rosarito,Baja California
2411,Pacific Asia,South Asia,India,Tirupati,Andhra Pradesh
2412,Pacific Asia,South Asia,India,Naihati,Bengala Occidental
2413,Pacific Asia,Eastern Asia,China,Changde,Hunan
2414,Usca,South Of  Usa,Estados Unidos,Concord,Carolina del Norte
2415,Africa,North Africa,Marruecos,Larache,Tánger-Tetuán
2416,Africa,West Africa,Togo,Atakpame,Plateaux
2417,Africa,West Africa,Nigeria,Funtua,Katsina
2418,Africa,Southern Africa,SudAfrica,Mabopane,Gauteng
2419,Europe,Western Europe,Francia,Istres,Provenza-Alpes-Costa Azul
2420,Europe,Northern Europe,Noruega,Bergen,Hordaland
2421,Europe,Southern Europe,España,Albacete,Castilla-La Mancha
2422,Europe,Western Europe,Francia,Cluses,Auvernia-Ródano-Alpes
2423,Europe,Southern Europe,España,Cartagena,Murcia
2424,Europe,Southern Europe,Italia,Lucca,Toscana
2425,Europe,Western Europe,Francia,Vertou,Países del Loira
2426,Europe,Western Europe,Alemania,Hattingen,Renania del Norte-Westfalia
2427,Europe,Southern Europe,Italia,Pesaro,Marche
2428,Europe,Western Europe,Alemania,Sonneberg,Turingia
2429,Europe,Western Europe,Francia,Saint-Laurent-du-Var,Provenza-Alpes-Costa Azul
2430,Europe,Northern Europe,Reino Unido,Harrogate,Inglaterra
2431,Europe,Southern Europe,España,Badajoz,Extremadura
2432,Europe,Western Europe,Francia,Limoges,Aquitania-Lemosín-Poitou-Charentes
2433,Latam,Central America,México,Chilpancingo,Guerrero
2434,Latam,South America,Brasil,Tianguá,Ceará
2435,Latam,Central America,México,Linares,Nuevo León
2436,Latam,South America,Brasil,Paracatu,Minas Gerais
2437,Latam,South America,Colombia,Florencia,Caquetá
2438,Latam,South America,Venezuela,Acarigua,Portuguesa
2439,Latam,Central America,México,Manzanillo,Colima
2440,Latam,South America,Brasil,Ituiutaba,Minas Gerais
2441,Pacific Asia,Oceania,Australia,Torquay,Queensland
2442,Pacific Asia,South Asia,India,Akola,Maharashtra
2443,Pacific Asia,Oceania,Australia,Forster,Nueva Gales del Sur
2444,Usca,South Of  Usa,Estados Unidos,Plantation,Florida
2445,Usca,West Of Usa,Estados Unidos,Murray,Utah
2446,Usca,South Of  Usa,Estados Unidos,Hattiesburg,Misisipi
2447,Usca,East Of Usa,Estados Unidos,Manchester,Connecticut
2448,Usca,East Of Usa,Estados Unidos,Rochester,Nueva York
2449,Usca,West Of Usa,Estados Unidos,Olympia,Washington
2450,Usca,Us Center,Estados Unidos,Corpus Christi,Texas
2451,Usca,West Of Usa,Estados Unidos,Layton,Utah
2452,Usca,Us Center,Estados Unidos,Normal,Illinois
2453,Usca,West Of Usa,Estados Unidos,West Jordan,Utah
2454,Usca,West Of Usa,Estados Unidos,Antioch,California
2455,Usca,West Of Usa,Estados Unidos,Roseville,California
2456,Usca,West Of Usa,Estados Unidos,Broomfield,Colorado
2457,Usca,West Of Usa,Estados Unidos,Pleasant Grove,Utah
2458,Usca,South Of  Usa,Estados Unidos,Margate,Florida
2459,Usca,East Of Usa,Estados Unidos,Beverly,Massachusetts
2460,Usca,East Of Usa,Estados Unidos,New Rochelle,Nueva York
2461,Africa,North Africa,Egipto,Marsa Matruh,Matruh
2462,Africa,North Africa,Argelia,Mostaganem,Mostaganem
2463,Africa,North Africa,Marruecos,Khenifra,Mequinez-Tafilalet
2464,Africa,West Africa,Nigeria,Onitsha,Anambra
2465,Africa,North Africa,Libia,Misurata,Misurata
2466,Africa,West Africa,Mali,Bamako,Bamako
2467,Africa,North Africa,Argelia,Skikda,Skikda
2468,Africa,North Africa,Marruecos,Agadir,Sus-Masa-Draa
2469,Africa,Central Africa,Camerún,Bamenda,Nord-Ouest
2470,Europe,Western Europe,Francia,Firminy,Auvernia-Ródano-Alpes
2471,Europe,Northern Europe,Reino Unido,Hereford,Inglaterra
2472,Europe,Eastern Europe,Rumania,Targu Jiu,Gorj
2473,Europe,Southern Europe,España,Palencia,Castilla y León
2474,Europe,Western Europe,Francia,Hazebrouck,Norte-Paso de Calais-Picardía
2475,Europe,Northern Europe,Reino Unido,Taunton,Inglaterra
2476,Europe,Western Europe,Alemania,Jena,Turingia
2477,Europe,Western Europe,Francia,Gradignan,Aquitania-Lemosín-Poitou-Charentes
2478,Europe,Eastern Europe,Ucrania,Berdychiv,Zhytómyr
2479,Europe,Northern Europe,Dinamarca,Randers,Jutlandia Central
2480,Europe,Eastern Europe,Ucrania,Chernihiv,Chernihiv
2481,Europe,Western Europe,Países Bajos,Capelle aan den IJssel,Holanda Meridional
2482,Europe,Western Europe,Francia,Antibes,Provenza-Alpes-Costa Azul
2483,Europe,Southern Europe,Italia,Marsala,Sicilia
2484,Latam,Central America,México,Valle Hermoso,Tamaulipas
2485,Latam,South America,Brasil,Araucária,Paraná
2486,Latam,South America,Argentina,Bahía Blanca,Buenos Aires (provincia)
2487,Latam,South America,Chile,Arica,Arica y Parinacota
2488,Usca,Us Center,Estados Unidos,Port Arthur,Texas
2489,Africa,North Africa,Egipto,Port Said,Puerto Saíd
2490,Europe,Southern Europe,Italia,Vigevano,Lombardía
2491,Europe,Western Europe,Francia,Sarreguemines,Alsacia-Champaña-Ardenas-Lorena
2492,Europe,Western Europe,Francia,Evry,Isla de Francia
2493,Europe,Northern Europe,Reino Unido,Warrington,Inglaterra
2494,Latam,South America,Bolivia,Yacuiba,Tarija
2495,Latam,South America,Brasil,Itapetininga,São Paulo
2496,Latam,South America,Brasil,Conselheiro Lafaiete,Minas Gerais
2497,Pacific Asia,South Asia,India,Etawah,Uttar Pradesh
2498,Pacific Asia,Eastern Asia,China,Yueyang,Hunan
2499,Usca,West Of Usa,Estados Unidos,Torrance,California
2500,Europe,Southern Europe,Italia,Alessandria,Piamonte
2501,Usca,West Of Usa,Estados Unidos,Provo,Utah
2502,Latam,South America,Venezuela,Cumaná,Sucre
2503,Africa,East Africa,Zambia,Chililabombwe,Copperbelt
2504,Africa,West Africa,Mali,Kayes,Kayes
2505,Africa,East Africa,Zambia,Kabwe,Central
2506,Europe,Western Europe,Francia,Sanary-sur-Mer,Provenza-Alpes-Costa Azul
2507,Europe,Western Europe,Alemania,Schwerin,Mecklemburgo-Pomerania Occidental
2508,Europe,Northern Europe,Reino Unido,Weston-super-Mare,Inglaterra
2509,Europe,Western Europe,Francia,Fresnes,Isla de Francia
2510,Europe,Western Europe,Francia,Limay,Isla de Francia
2511,Europe,Eastern Europe,Polonia,Kalisz,Gran Polonia
2512,Latam,Central America,México,Ensenada,Baja California
2513,Latam,South America,Venezuela,Yaritagua,Yaracuy
2514,Latam,South America,Brasil,Ananindeua,Pará
2515,Latam,South America,Brasil,Dourados,Mato Grosso del Sur
2516,Latam,South America,Chile,Chillán,Bío-Bío
2517,Latam,South America,Brasil,Valparaíso de Goiás,Goiás
2518,Latam,South America,Chile,Osorno,Los Lagos
2519,Latam,South America,Brasil,Aracati,Ceará
2520,Pacific Asia,Southeast Asia,Indonesia,Purwokerto,Java Central
2521,Pacific Asia,Eastern Asia,China,Gaoyou,Jiangsu
2522,Pacific Asia,Eastern Asia,China,Xinghua,Jiangsu
2523,Pacific Asia,West Asia,Turquía,Cizre,Sirnak
2524,Pacific Asia,West Asia,Siria,Dayr az Zawr,Dayr az Zawr
2525,Pacific Asia,Eastern Asia,Corea del Sur,Kwangju,Gyeonggi
2526,Pacific Asia,Eastern Asia,Corea del Sur,Ulsan,Ulsan
2527,Usca,West Of Usa,Estados Unidos,Colorado Springs,Colorado
2528,Usca,South Of  Usa,Estados Unidos,Daytona Beach,Florida
2529,Usca,West Of Usa,Estados Unidos,San Gabriel,California
2530,Usca,South Of  Usa,Estados Unidos,Virginia Beach,Virginia
2531,Europe,Western Europe,Países Bajos,Purmerend,Holanda Septentrional
2532,Latam,Central America,México,La Paz,Baja California Sur
2533,Pacific Asia,West Asia,Turquía,Van,Van
2534,Usca,Canada,Canada,St. Catharines,Ontario
2535,Usca,West Of Usa,Estados Unidos,Sierra Vista,Arizona
2536,Usca,Us Center,Estados Unidos,Lansing,Michigan
2537,Europe,Northern Europe,Reino Unido,Ashford,Inglaterra
2538,Latam,South America,Perú,Pucallpa,Ucayali
2539,Latam,South America,Perú,Trujillo,La Libertad
2540,Africa,East Africa,Tanzania,Tabora,Tabora
2541,Latam,South America,Perú,Ilo,Moquegua
2542,Usca,South Of  Usa,Estados Unidos,Greenville,Carolina del Norte
2543,Latam,South America,Colombia,Valledupar,Cesar
2544,Africa,Southern Africa,SudAfrica,Vryburg,Noroeste
2545,Africa,North Africa,Marruecos,Tetouan,Tánger-Tetuán
2546,Africa,East Africa,Madagascar,Fianarantsoa,Haute-Matsiatra
2547,Africa,Central Africa,República Democrática del Congo,Kikwit,Bandundu
2548,Africa,East Africa,Zambia,Kasama,Septentrional
2549,Africa,Southern Africa,Suazilandia,Manzini,Manzini
2550,Europe,Western Europe,Francia,Vitrolles,Provenza-Alpes-Costa Azul
2551,Europe,Eastern Europe,Rumania,Craiova,Dolj
2552,Europe,Western Europe,Países Bajos,Vlaardingen,Holanda Meridional
2553,Latam,Central America,México,Altotonga,Veracruz
2554,Pacific Asia,Eastern Asia,China,Jining,Shandong
2555,Pacific Asia,Oceania,Australia,Gawler,Australia del Sur
2556,Pacific Asia,South Asia,India,Tirunelveli,Tamil Nadu
2557,Pacific Asia,Southeast Asia,Indonesia,Palu,Célebes Central
2558,Pacific Asia,South Asia,Irán,Fasa,Fars
2559,Pacific Asia,West Asia,Turquía,Kozan,Adana
2560,Pacific Asia,Oceania,Australia,Cessnock,Nueva Gales del Sur
2561,Pacific Asia,South Asia,Irán,Varamin,Teherán
2562,Pacific Asia,Eastern Asia,China,Puyang,Henan
2563,Pacific Asia,Oceania,Nueva Zelanda,Levin,Manawatu-Wanganui
2564,Pacific Asia,West Asia,Turquía,Viransehir,Sanliurfa
2565,Pacific Asia,West Asia,Israel,Ramat Aviv,Tel Aviv
2566,Pacific Asia,West Asia,Irak,An Nasiriyah,Di Car
2567,Pacific Asia,South Asia,India,Asansol,Bengala Occidental
2568,Usca,Us Center,Estados Unidos,Beaumont,Texas
2569,Usca,West Of Usa,Estados Unidos,Redondo Beach,California
2570,Usca,South Of  Usa,Estados Unidos,Columbia,Tennessee
2571,Usca,South Of  Usa,Estados Unidos,Charlottesville,Virginia
2572,Usca,Canada,Canada,Richmond Hill,Ontario
2573,Usca,Us Center,Estados Unidos,Des Moines,Iowa
2574,Usca,West Of Usa,Estados Unidos,Kent,Washington
2575,Usca,Canada,Canada,Vaughan,Ontario
2576,Usca,Canada,Canada,Peterborough,Ontario
2577,Europe,Western Europe,Alemania,Neunkirchen,Sarre
2578,Europe,Western Europe,Francia,Clichy,Isla de Francia
2579,Europe,Northern Europe,Reino Unido,Cheshunt,Inglaterra
2580,Europe,Western Europe,Francia,Halluin,Norte-Paso de Calais-Picardía
2581,Europe,Southern Europe,Italia,Viterbo,Lacio
2582,Latam,South America,Guyana,Linden,Demerara-Berbice Superior
2583,Latam,South America,Argentina,Esquina,Corrientes
2584,Latam,South America,Colombia,Piedecuesta,Santander
2585,Pacific Asia,West Asia,Turquía,Mezitli,Mersin
2586,Usca,Canada,Canada,Richmond,Columbia británica
2587,Usca,Canada,Canada,Whitby,Ontario
2588,Latam,South America,Argentina,Neuquén,Neuquén
2589,Pacific Asia,Eastern Asia,China,Hengyang,Hunan
2590,Usca,East Of Usa,Estados Unidos,Passaic,Nueva Jersey
2591,Pacific Asia,South Asia,India,Udaipur,Tripura
2592,Africa,West Africa,Nigeria,Calabar,Cross River
2593,Europe,Northern Europe,Reino Unido,Gravesend,Inglaterra
2594,Europe,Eastern Europe,Ucrania,Rivne,Rivne
2595,Europe,Western Europe,Alemania,Gummersbach,Renania del Norte-Westfalia
2596,Pacific Asia,Central Asia,Kazajistán,Kostanái,Kostanái
2597,Pacific Asia,South Asia,India,Kota,Chhattisgarh
2598,Usca,West Of Usa,Estados Unidos,Orem,Utah
2599,Latam,South America,Brasil,Sobral,Ceará
2600,Africa,Southern Africa,SudAfrica,Vereeniging,Gauteng
2601,Pacific Asia,West Asia,Turquía,Gebze,Kocaeli
2602,Europe,Northern Europe,Noruega,Drammen,Buskerud
2603,Europe,Northern Europe,Reino Unido,Gosport,Inglaterra
2604,Europe,Southern Europe,España,Granollers,Cataluña
2605,Europe,Western Europe,Francia,Valence,Auvernia-Ródano-Alpes
2606,Latam,South America,Brasil,Bragança Paulista,São Paulo
2607,Latam,South America,Brasil,Sumaré,São Paulo
2608,Latam,Central America,México,Frontera,Tabasco
2609,Pacific Asia,Southeast Asia,Malasia,Tawau,Sabah
2610,Pacific Asia,South Asia,India,Jhansi,Uttar Pradesh
2611,Pacific Asia,South Asia,Irán,Iranshahr,Sistán y Baluchistán
2612,Pacific Asia,Eastern Asia,Japón,Koshigaya,Saitama
2613,Pacific Asia,Eastern Asia,China,Yichun,Heilongjiang
2614,Latam,South America,Colombia,Envigado,Antioquía
2615,Europe,Western Europe,Francia,Cergy,Isla de Francia
2616,Europe,Western Europe,Alemania,Neubrandenburg,Mecklemburgo-Pomerania Occidental
2617,Usca,Us Center,Estados Unidos,Allen,Texas
2618,Pacific Asia,West Asia,Turquía,Amasya,Amasya
2619,Pacific Asia,West Asia,Israel,Holon,Tel Aviv
2620,Usca,East Of Usa,Estados Unidos,Concord,Nuevo Hampshire
2621,Africa,East Africa,Mozambique,Nampula,Nampula
2622,Africa,West Africa,Nigeria,Damaturu,Yobe
2623,Africa,North Africa,Argelia,Saida,Saida
2624,Europe,Northern Europe,Reino Unido,East Kilbride,Escocia
2625,Europe,Western Europe,Francia,Chatou,Isla de Francia
2626,Latam,South America,Perú,Iquitos,Loreto
2627,Latam,Central America,México,Temixco,Morelos
2628,Latam,South America,Guayana Francesa,Cayenne,Französisch-Guayana
2629,Latam,South America,Brasil,Rolândia,Paraná
2630,Latam,South America,Brasil,Criciúma,Santa Catarina
2631,Latam,South America,Brasil,São Pedro da Aldeia,Río de Janeiro
2632,Pacific Asia,West Asia,Israel,Bene Beraq,Tel Aviv
2633,Pacific Asia,Southeast Asia,Indonesia,Jember,Java Oriental
2634,Pacific Asia,Eastern Asia,Japón,Kurashiki,Okayama
2635,Pacific Asia,Eastern Asia,China,Yuanjiang,Hunan
2636,Pacific Asia,West Asia,Turquía,Yalova,Yalova
2637,Pacific Asia,West Asia,Turquía,Beykoz,Estambul
2638,Pacific Asia,South Asia,India,Muzaffarpur,Bihar
2639,Pacific Asia,Eastern Asia,China,Weihai,Shandong
2640,Pacific Asia,South Asia,India,Panipat,Haryana
2641,Usca,South Of  Usa,Estados Unidos,Auburn,Alabama
2642,Usca,East Of Usa,Estados Unidos,Cuyahoga Falls,Ohio
2643,Usca,South Of  Usa,Estados Unidos,Roswell,Georgia
2644,Usca,Us Center,Estados Unidos,Orland Park,Illinois
2645,Usca,Us Center,Estados Unidos,Harlingen,Texas
2646,Usca,West Of Usa,Estados Unidos,Dublín,California
2647,Usca,East Of Usa,Estados Unidos,Parma,Ohio
2648,Usca,Us Center,Estados Unidos,Dearborn Heights,Michigan
2649,Usca,West Of Usa,Estados Unidos,Lehi,Utah
2650,Usca,Us Center,Estados Unidos,Champaign,Illinois
2651,Europe,Eastern Europe,Rusia,Vorónezh,Vorónezh
2652,Europe,Eastern Europe,Rumania,Bra?ov,Bra?ov
2653,Europe,Northern Europe,Reino Unido,Paisley,Escocia
2654,Latam,South America,Brasil,Vacaria,Rio Grande do Sul
2655,Latam,South America,Brasil,Farroupilha,Rio Grande do Sul
2656,Pacific Asia,Eastern Asia,China,Datong,Shanxi
2657,Pacific Asia,Southeast Asia,Vietnam,Da Nang,Dà Nang
2658,Europe,Northern Europe,Reino Unido,Shrewsbury,Inglaterra
2659,Pacific Asia,West Asia,Turquía,Batman,Batman
2660,Africa,Southern Africa,SudAfrica,Roodepoort,Gauteng
2661,Europe,Eastern Europe,Polonia,Tychy,Silesia
2662,Europe,Western Europe,Francia,Avion,Norte-Paso de Calais-Picardía
2663,Europe,Western Europe,Francia,Trappes,Isla de Francia
2664,Latam,South America,Brasil,Vitória de Santo Antão,Pernambuco
2665,Africa,Central Africa,República Centroafricana,Bangui,Bangui
2666,Africa,North Africa,Marruecos,Settat,Chauía-Uardiga
2667,Europe,Eastern Europe,Bulgaria,Pernik,Pernik
2668,Pacific Asia,Oceania,Australia,Sunbury,Victoria
2669,Usca,Us Center,Estados Unidos,Lawrence,Indiana
2670,Europe,Western Europe,Francia,Talence,Aquitania-Lemosín-Poitou-Charentes
2671,Europe,Western Europe,Francia,Les Lilas,Isla de Francia
2672,Europe,Western Europe,Alemania,Willich,Renania del Norte-Westfalia
2673,Europe,Western Europe,Alemania,Potsdam,Brandenburgo
2674,Latam,South America,Venezuela,Calabozo,Guárico
2675,Latam,South America,Chile,Villa Alemana,Valparaíso
2676,Latam,South America,Brasil,Gravataí,Rio Grande do Sul
2677,Latam,South America,Brasil,Itapecerica da Serra,São Paulo
2678,Latam,South America,Chile,Copiapó,Atacama
2679,Pacific Asia,Eastern Asia,Japón,Ibaraki,Osaka
2680,Pacific Asia,South Asia,India,Gaya,Bihar
2681,Usca,South Of  Usa,Estados Unidos,Hoover,Alabama
2682,Usca,Us Center,Estados Unidos,Bloomington,Indiana
2683,Usca,Canada,Canada,Abbotsford,Columbia británica
2684,Latam,South America,Chile,Calama,Antofagasta
2685,Latam,South America,Brasil,Francisco Morato,São Paulo
2686,Latam,South America,Brasil,Sapucaia do Sul,Rio Grande do Sul
2687,Latam,South America,Brasil,Sinop,Mato Grosso
2688,Latam,South America,Brasil,Cabo de Santo Agostinho,Pernambuco
2689,Latam,Central America,México,Cholula,Puebla
2690,Latam,South America,Argentina,San Fernando del Valle de Catamarca,Catamarca
2691,Latam,South America,Brasil,Guarapari,Espíritu Santo
2692,Latam,South America,Brasil,Campo Grande,Mato Grosso del Sur
2693,Latam,Central America,México,Coatzacoalcos,Veracruz
2694,Latam,South America,Brasil,Mococa,São Paulo
2695,Latam,South America,Argentina,Comodoro Rivadavia,Chubut
2696,Latam,Caribbean,República Dominicana,Bonao,Monseñor Nouel
2697,Latam,South America,Venezuela,Tinaquillo,Cojedes
2698,Latam,South America,Brasil,Apucarana,Paraná
2699,Pacific Asia,Eastern Asia,China,Jinhua,Zhejiang
2700,Pacific Asia,Eastern Asia,Japón,Sakai,Osaka
2701,Pacific Asia,Eastern Asia,China,Shashi,Hubei
2702,Pacific Asia,Southeast Asia,Filipinas,Taytay,Calabarzón
2703,Pacific Asia,Eastern Asia,Japón,Sakai,Gunma
2704,Pacific Asia,South Asia,Irán,Qazvín,Qazvín
2705,Pacific Asia,South Asia,India,Sonipat,Haryana
2706,Pacific Asia,Oceania,Australia,Palmerston,Territorio del Norte
2707,Pacific Asia,Eastern Asia,China,Haikou,Hainan
2708,Pacific Asia,South Asia,India,Avadi,Tamil Nadu
2709,Pacific Asia,Eastern Asia,China,Shouguang,Shandong
2710,Pacific Asia,Eastern Asia,China,Datong,Anhui
2711,Pacific Asia,Eastern Asia,Japón,Handa,Aichi
2712,Pacific Asia,Eastern Asia,Corea del Sur,Suwon,Gyeonggi
2713,Pacific Asia,South Asia,Irán,Birjand,Jorasán del Sur
2714,Pacific Asia,Eastern Asia,China,Zhenjiang,Jiangsu
2715,Pacific Asia,South Asia,Pakistán,Quetta,Baluchistán
2716,Pacific Asia,South Asia,Bangladés,Rajshahi,Rajshahi
2717,Pacific Asia,Eastern Asia,China,Ezhou,Hubei
2718,Pacific Asia,Eastern Asia,Japón,Takamatsu,Kagawa
2719,Pacific Asia,Oceania,Nueva Zelanda,Upper Hutt,Wellington
2720,Pacific Asia,Eastern Asia,China,Chaohu,Anhui
2721,Pacific Asia,West Asia,Turquía,Gaziemir,Izmir
2722,Pacific Asia,South Asia,India,Baranagar,Bengala Occidental
2723,Pacific Asia,South Asia,India,Srinagar,Uttarakhand
2724,Pacific Asia,Eastern Asia,China,Zhaoyuan,Heilongjiang
2725,Pacific Asia,Eastern Asia,China,Chaoyang,Jilin
2726,Usca,West Of Usa,Estados Unidos,Escondido,California
2727,Usca,South Of  Usa,Estados Unidos,Tamarac,Florida
2728,Usca,Us Center,Estados Unidos,The Colony,Texas
2729,Usca,Us Center,Estados Unidos,Franklin,Wisconsin
2730,Usca,Us Center,Estados Unidos,Skokie,Illinois
2731,Usca,Us Center,Estados Unidos,Columbia,Misuri
2732,Usca,West Of Usa,Estados Unidos,Westminster,California
2733,Usca,Canada,Canada,Laval,Quebec
2734,Usca,Us Center,Estados Unidos,Norfolk,Nebraska
2735,Usca,Us Center,Estados Unidos,Apple Valley,Minnesota
2736,Usca,Us Center,Estados Unidos,League City,Texas
2737,Usca,East Of Usa,Estados Unidos,Meriden,Connecticut
2738,Usca,Us Center,Estados Unidos,San Marcos,Texas
2739,Usca,Us Center,Estados Unidos,College Station,Texas
2740,Usca,West Of Usa,Estados Unidos,Redding,California
2741,Usca,West Of Usa,Estados Unidos,Montebello,California
2742,Usca,East Of Usa,Estados Unidos,Burlington,Vermont
2743,Usca,Us Center,Estados Unidos,Saint Cloud,Minnesota
2744,Africa,East Africa,Zimbabue,Kadoma,Mashonalandia Occidental
2745,Africa,Southern Africa,SudAfrica,Durban,KwaZulu-Natal
2746,Europe,Eastern Europe,Rumania,Pitesti,Arges
2747,Europe,Western Europe,Francia,Dieppe,Normandía
2748,Europe,Western Europe,Francia,Bourg-en-Bresse,Auvernia-Ródano-Alpes
2749,Latam,South America,Brasil,Taubaté,São Paulo
2750,Latam,South America,Brasil,São Vicente,São Paulo
2751,Latam,South America,Brasil,Cubatão,São Paulo
2752,Latam,Caribbean,Cuba,Artemisa,Artemisa
2753,Pacific Asia,South Asia,India,Jamshedpur,Jharkhand
2754,Pacific Asia,West Asia,Turquía,Polatli,Ankara
2755,Pacific Asia,Eastern Asia,Japón,Sakai,Ibaraki
2756,Pacific Asia,West Asia,Turquía,Alanya,Antalya
2757,Pacific Asia,Eastern Asia,China,Wuxi,Jiangsu
2758,Pacific Asia,Eastern Asia,Taiwán,Taipei,Taipéi
2759,Usca,Canada,Canada,Guelph,Ontario
2760,Usca,West Of Usa,Estados Unidos,Encinitas,California
2761,Usca,Us Center,Estados Unidos,Saint Charles,Misuri
2762,Usca,Us Center,Estados Unidos,Eagan,Minnesota
2763,Europe,Eastern Europe,Rusia,Zlatoust,Cheliábinsk
2764,Europe,Eastern Europe,Ucrania,Jersón,Jersón
2765,Europe,Eastern Europe,Polonia,Zabrze,Silesia
2766,Europe,Western Europe,Francia,Chaville,Isla de Francia
2767,Europe,Southern Europe,España,Pontevedra,Galicia
2768,Europe,Eastern Europe,República Checa,Pilsen,Pilsen
2769,Europe,Southern Europe,Italia,Cinisello Balsamo,Lombardía
2770,Europe,Northern Europe,Suecia,Haninge,Estocolmo
2771,Europe,Southern Europe,España,Mijas,Andalucía
2772,Europe,Western Europe,Francia,Coulommiers,Isla de Francia
2773,Europe,Northern Europe,Reino Unido,Dronfield,Inglaterra
2774,Europe,Western Europe,Francia,Saint-Brieuc,Bretaña
2775,Europe,Western Europe,Francia,Outreau,Norte-Paso de Calais-Picardía
2776,Europe,Northern Europe,Estonia,Tallinn,Harjumaa
2777,Europe,Northern Europe,Reino Unido,Dewsbury,Inglaterra
2778,Europe,Western Europe,Francia,Tournefeuille,Languedoc-Rosellón-Mediodía-Pirineos
2779,Latam,South America,Brasil,Uberaba,Minas Gerais
2780,Latam,South America,Brasil,Oriximiná,Pará
2781,Latam,South America,Brasil,Bagé,Rio Grande do Sul
2782,Latam,South America,Perú,Huaraz,Ancash
2783,Pacific Asia,Eastern Asia,Japón,Sagamihara,Kanagawa
2784,Pacific Asia,Eastern Asia,China,Jiangdu,Jiangsu
2785,Pacific Asia,Eastern Asia,China,Xinshi,Hubei
2786,Pacific Asia,South Asia,India,Brahmapur,Odisha
2787,Pacific Asia,Eastern Asia,Japón,Toyohashi,Aichi
2788,Usca,West Of Usa,Estados Unidos,Laguna Niguel,California
2789,Usca,East Of Usa,Estados Unidos,Grove City,Ohio
2790,Usca,Canada,Canada,Edmonton,Alberta
2791,Usca,East Of Usa,Estados Unidos,Rockville,Maryland
2792,Usca,West Of Usa,Estados Unidos,Helena,Montana
2793,Usca,West Of Usa,Estados Unidos,Sparks,Nevada
2794,Europe,Eastern Europe,Rusia,Arzgir,Stávropol
2795,Latam,South America,Brasil,Garanhuns,Pernambuco
2796,Latam,South America,Argentina,Salta,Salta
2797,Pacific Asia,Eastern Asia,China,Bijie,Guizhou
2798,Usca,South Of  Usa,Estados Unidos,Hampton,Virginia
2799,Usca,West Of Usa,Estados Unidos,Great Falls,Montana
2800,Africa,Southern Africa,SudAfrica,Rustenburg,Noroeste
2801,Europe,Southern Europe,Albania,Shkoder,Shkodër
2802,Pacific Asia,Eastern Asia,China,Liaoyang,Liaoning
2803,Pacific Asia,South Asia,India,Thanjavur,Tamil Nadu
2804,Africa,East Africa,Tanzania,Mtwara,Mtwara
2805,Latam,South America,Venezuela,Cúa,Miranda
2806,Pacific Asia,Eastern Asia,Japón,Hachinohe,Aomori
2807,Europe,Eastern Europe,Rumania,Botosani,Botosani
2808,Africa,North Africa,Egipto,Aswan,Aswan
2809,Africa,North Africa,Marruecos,Mohammedia,Gran Casablanca
2810,Africa,East Africa,Madagascar,Antsiranana,Diana
2811,Europe,Western Europe,Francia,Bonneuil-sur-Marne,Isla de Francia
2812,Europe,Western Europe,Países Bajos,Breda,Brabante Septentrional
2813,Europe,Western Europe,Francia,Lanester,Bretaña
2814,Europe,Northern Europe,Reino Unido,Clydach,Gales
2815,Europe,Eastern Europe,Rusia,Pestovo,Nóvgorod
2816,Europe,Western Europe,Alemania,Pulheim,Renania del Norte-Westfalia
2817,Europe,Southern Europe,España,Sabadell,Cataluña
2818,Europe,Western Europe,Alemania,Forst,Brandenburgo
2819,Europe,Western Europe,Suiza,Lucerna,Lucerna
2820,Europe,Eastern Europe,República Checa,Ústí nad Labem,Ústí nad Labem
2821,Latam,South America,Venezuela,Catia La Mar,Vargas
2822,Latam,South America,Brasil,Presidente Prudente,São Paulo
2823,Latam,Central America,México,San Juan del Río,Querétaro
2824,Pacific Asia,Eastern Asia,China,Xining,Qinghai
2825,Pacific Asia,South Asia,India,Bilaspur,Uttar Pradesh
2826,Pacific Asia,Eastern Asia,Japón,Aoba-ku,Kanagawa
2827,Pacific Asia,Eastern Asia,China,Xiangtan,Hunan
2828,Pacific Asia,West Asia,Líbano,Beirut,Beirut
2829,Pacific Asia,Eastern Asia,China,Tanggu,Tianjin
2830,Pacific Asia,Eastern Asia,Japón,Takamatsu,Ishikawa
2831,Pacific Asia,Eastern Asia,China,Chenzhou,Hunan
2832,Pacific Asia,West Asia,Jordania,Irbid,Irbid
2833,Usca,Us Center,Estados Unidos,Brownsville,Texas
2834,Usca,East Of Usa,Estados Unidos,Shelton,Connecticut
2835,Usca,East Of Usa,Estados Unidos,Bethlehem,Pensilvania
2836,Usca,East Of Usa,Estados Unidos,Freeport,Nueva York
2837,Usca,Us Center,Estados Unidos,Mansfield,Texas
2838,Usca,Us Center,Estados Unidos,Midland,Michigan
2839,Usca,West Of Usa,Estados Unidos,Huntington Beach,California
2840,Africa,Central Africa,República Democrática del Congo,Bukavu,Kivu del Sur
2841,Europe,Western Europe,Francia,Rueil-Malmaison,Isla de Francia
2842,Pacific Asia,Eastern Asia,China,Lianzhou,Guangxi
2843,Europe,Southern Europe,Chipre,Nicosia,Nicosia
2844,Europe,Western Europe,Francia,Bron,Auvernia-Ródano-Alpes
2845,Latam,Central America,México,Teziutlán,Puebla
2846,Europe,Western Europe,Bélgica,Verviers,Lieja
2847,Usca,West Of Usa,Estados Unidos,Brentwood,California
2848,Pacific Asia,Oceania,Australia,Echuca,Victoria
2849,Usca,East Of Usa,Estados Unidos,Atlantic City,Nueva Jersey
2850,Europe,Western Europe,Alemania,Kaiserslautern,Renania-Palatinado
2851,Latam,South America,Brasil,Patrocínio,Minas Gerais
2852,Pacific Asia,South Asia,India,Ratlam,Madhya Pradesh
2853,Europe,Southern Europe,Italia,Varese,Lombardía
2854,Europe,Western Europe,Francia,Plaisir,Isla de Francia
2855,Africa,Central Africa,Angola,Huambo,Huambo
2856,Pacific Asia,Eastern Asia,China,Macheng,Hubei
2857,Usca,West Of Usa,Estados Unidos,Medford,Oregón
2858,Africa,North Africa,Egipto,Al Mahallah al Kubra,Gharbia
2859,Africa,Central Africa,República Democrática del Congo,Matadi,Bajo Congo
2860,Africa,West Africa,Nigeria,Makurdi,Benue
2861,Europe,Southern Europe,Italia,Savona,Liguria
2862,Europe,Eastern Europe,Polonia,Bielsko-Biala,Silesia
2863,Europe,Western Europe,Francia,Bagnolet,Isla de Francia
2864,Europe,Eastern Europe,Rumania,Lugoj,Timis
2865,Europe,Southern Europe,Italia,Crotone,Calabria
2866,Europe,Northern Europe,Reino Unido,Northwich,Inglaterra
2867,Latam,South America,Colombia,Quibdó,Chocó
2868,Latam,South America,Brasil,Uberlândia,Minas Gerais
2869,Pacific Asia,South Asia,India,Dehra Dun,Uttarakhand
2870,Pacific Asia,South Asia,Irán,Najafabad,Isfahán
2871,Pacific Asia,Eastern Asia,Japón,Hamamatsu,Shizuoka
2872,Usca,East Of Usa,Estados Unidos,Cranston,Rhode Island
2873,Usca,Us Center,Estados Unidos,Burlington,Iowa
2874,Usca,East Of Usa,Estados Unidos,Niagara Falls,Nueva York
2875,Usca,East Of Usa,Estados Unidos,Norwich,Connecticut
2876,Europe,Western Europe,Francia,Vence,Provenza-Alpes-Costa Azul
2877,Europe,Western Europe,Francia,Fontenay-sous-Bois,Isla de Francia
2878,Europe,Western Europe,Francia,Agde,Languedoc-Rosellón-Mediodía-Pirineos
2879,Pacific Asia,Eastern Asia,Japón,Hiratsuka,Kanagawa
2880,Usca,Us Center,Estados Unidos,Rapid City,Dakota del Sur
2881,Africa,East Africa,Tanzania,Bagamoyo,Pwani
2882,Europe,Northern Europe,Reino Unido,Brighton,Inglaterra
2883,Latam,South America,Brasil,Paulista,Pernambuco
2884,Europe,Eastern Europe,Rumania,Piatra-Neamt,Neamt
2885,Latam,South America,Brasil,Niterói,Río de Janeiro
2886,Europe,Northern Europe,Reino Unido,Ipswich,Inglaterra
2887,Usca,East Of Usa,Estados Unidos,Perth Amboy,Nueva Jersey
2888,Pacific Asia,West Asia,Turquía,Manisa,Manisa
2889,Usca,South Of  Usa,Estados Unidos,Thomasville,Carolina del Norte
2890,Usca,West Of Usa,Estados Unidos,Pocatello,Idaho
2891,Usca,West Of Usa,Estados Unidos,Pueblo,Colorado
2892,Africa,Central Africa,República Democrática del Congo,Kindu,Maniema
2893,Africa,East Africa,Mozambique,Matola,Maputo
2894,Africa,Central Africa,Camerún,Loum,Littoral
2895,Europe,Southern Europe,Italia,Gela,Sicilia
2896,Europe,Eastern Europe,Rusia,Kaspiysk,Daguestán
2897,Europe,Western Europe,Alemania,Bergisch Gladbach,Renania del Norte-Westfalia
2898,Europe,Western Europe,Francia,Saint-Priest,Auvernia-Ródano-Alpes
2899,Europe,Western Europe,Francia,La Madeleine,Norte-Paso de Calais-Picardía
2900,Europe,Northern Europe,Reino Unido,Livingston,Escocia
2901,Europe,Western Europe,Francia,Saint-Avold,Alsacia-Champaña-Ardenas-Lorena
2902,Europe,Western Europe,Francia,Lormont,Aquitania-Lemosín-Poitou-Charentes
2903,Europe,Eastern Europe,Polonia,Siedlce,Mazovia
2904,Latam,Central America,Panamá,La Chorrera,Panamá
2905,Latam,Central America,México,Río Bravo,Tamaulipas
2906,Pacific Asia,Eastern Asia,China,Yuyao,Zhejiang
2907,Europe,Northern Europe,Reino Unido,Margate,Inglaterra
2908,Europe,Western Europe,Francia,Annonay,Auvernia-Ródano-Alpes
2909,Europe,Southern Europe,Italia,Siena,Toscana
2910,Europe,Western Europe,Francia,Carvin,Norte-Paso de Calais-Picardía
2911,Latam,South America,Argentina,San Luis,San Luis
2912,Pacific Asia,Eastern Asia,China,Linhai,Zhejiang
2913,Pacific Asia,West Asia,Turquía,Samsun,Samsun
2914,Pacific Asia,Eastern Asia,China,Deyang,Sichuan
2915,Pacific Asia,Eastern Asia,China,Shaoxing,Zhejiang
2916,Pacific Asia,Eastern Asia,China,Linyi,Shandong
2917,Pacific Asia,Eastern Asia,China,Hailin,Heilongjiang
2918,Usca,Us Center,Estados Unidos,Maple Grove,Minnesota
2919,Usca,West Of Usa,Estados Unidos,Logan,Utah
2920,Usca,Us Center,Estados Unidos,Madison,Wisconsin
2921,Africa,North Africa,Argelia,Ain Oussera,Djelfa
2922,Latam,South America,Brasil,Vitória da Conquista,Bahía
2923,Africa,Southern Africa,SudAfrica,Tembisa,Gauteng
2924,Africa,Southern Africa,SudAfrica,Umtata,Cabo Oriental
2925,Europe,Southern Europe,Italia,Barletta,Apulia
2926,Pacific Asia,West Asia,Israel,Hod HaSharon,Central
2927,Europe,Western Europe,Francia,Cavaillon,Provenza-Alpes-Costa Azul
2928,Europe,Western Europe,Francia,Vaulx-en-Velin,Auvernia-Ródano-Alpes
2929,Europe,Western Europe,Francia,Montbrison,Auvernia-Ródano-Alpes
2930,Usca,East Of Usa,Estados Unidos,Clifton,Nueva Jersey
2931,Africa,East Africa,Mozambique,Tete,Tete
2932,Europe,Western Europe,Alemania,Sindelfingen,Baden-Wurtemberg
2933,Pacific Asia,Eastern Asia,China,Wafangdian,Liaoning
2934,Africa,North Africa,Sudán,Kasala,Kasala
2935,Europe,Western Europe,Alemania,Eggenstein-Leopoldshafen,Baden-Wurtemberg
2936,Europe,Southern Europe,España,Cártama,Andalucía
2937,Europe,Western Europe,Francia,La Roche-sur-Yon,Países del Loira
2938,Europe,Western Europe,Alemania,Kassel,Hesse
2939,Europe,Northern Europe,Noruega,Kristiansand,Vest-Agder
2940,Europe,Western Europe,Alemania,Iserlohn,Renania del Norte-Westfalia
2941,Europe,Eastern Europe,Rusia,Blagoveshchensk,Bashkortostán
2942,Europe,Western Europe,Francia,Thiais,Isla de Francia
2943,Europe,Southern Europe,Italia,Marano di Napoli,Campania
2944,Pacific Asia,Eastern Asia,China,Luohe,Henan
2945,Pacific Asia,Eastern Asia,China,Jiamusi,Heilongjiang
2946,Pacific Asia,South Asia,Irán,Shushtar,Juzestán
2947,Pacific Asia,Eastern Asia,China,Hebi,Henan
2948,Pacific Asia,Southeast Asia,Indonesia,Kupang,Nusa Tenggara Oriental
2949,Pacific Asia,Eastern Asia,China,Shizuishan,Ningxia Hui
2950,Usca,West Of Usa,Estados Unidos,Reno,Nevada
2951,Usca,East Of Usa,Estados Unidos,Belleville,Nueva Jersey
2952,Usca,East Of Usa,Estados Unidos,Bayonne,Nueva Jersey
2953,Usca,West Of Usa,Estados Unidos,Burbank,California
2954,Africa,North Africa,Argelia,Tlemcen,Tlemcen
2955,Europe,Eastern Europe,República Checa,Olomouc,Olomouc
2956,Europe,Western Europe,Francia,Moulins,Auvernia
2957,Latam,South America,Brasil,Barreiras,Bahía
2958,Latam,South America,Brasil,Camocim,Ceará
2959,Pacific Asia,West Asia,Turquía,Nevsehir,Nevsehir
2960,Pacific Asia,Eastern Asia,China,Aksu,Xinjiang Uygur
2961,Latam,South America,Brasil,Passos,Minas Gerais
2962,Latam,South America,Brasil,Campina Grande,Paraíba
2963,Latam,South America,Colombia,Floridablanca,Santander
2964,Latam,South America,Chile,Punta Arenas,Magallanes y Antártica Chilena
2965,Latam,South America,Brasil,Lins,São Paulo
2966,Pacific Asia,Eastern Asia,Japón,Kawasaki,Fukuoka
2967,Pacific Asia,Eastern Asia,China,Wuxi,Hunan
2968,Pacific Asia,Eastern Asia,Japón,Nagaoka,Shizuoka
2969,Pacific Asia,South Asia,India,Jodhpur,Guyarat
2970,Pacific Asia,Eastern Asia,China,Yibin,Sichuan
2971,Pacific Asia,South Asia,Pakistán,Sialkot,Punyab
2972,Pacific Asia,Eastern Asia,China,Yushu,Jilin
2973,Usca,Us Center,Estados Unidos,Richardson,Texas
2974,Usca,West Of Usa,Estados Unidos,Danville,California
2975,Pacific Asia,Eastern Asia,China,Zhangjiakou,Hebei
2976,Usca,South Of  Usa,Estados Unidos,Warner Robins,Georgia
2977,Pacific Asia,West Asia,Turquía,Tekirdag,Tekirdag
2978,Europe,Western Europe,Francia,Villeparisis,Isla de Francia
2979,Pacific Asia,South Asia,India,Kamarhati,Bengala Occidental
2980,Europe,Western Europe,Francia,Orsay,Isla de Francia
2981,Latam,Central America,México,Acayucan,Veracruz
2982,Latam,South America,Brasil,Guarujá,São Paulo
2983,Latam,South America,Brasil,Catanduva,São Paulo
2984,Latam,South America,Colombia,Sogamoso,Boyacá
2985,Europe,Eastern Europe,Ucrania,Zhytómyr,Zhytómyr
2986,Europe,Eastern Europe,Bielorrusia,Orsha,Vitsyebsk
2987,Europe,Southern Europe,Bosnia y Herzegovina,Zenica,Federación de Bosnia y Herzegovina
2988,Usca,South Of  Usa,Estados Unidos,Springdale,Arkansas
2989,Usca,South Of  Usa,Estados Unidos,Sanford,Florida
2990,Usca,West Of Usa,Estados Unidos,Hillsboro,Oregón
2991,Pacific Asia,Eastern Asia,Corea del Sur,Anyang,Gyeonggi
2992,Pacific Asia,Eastern Asia,Japón,Oyama,Tochigi
2993,Europe,Northern Europe,Reino Unido,Darlington,Inglaterra
2994,Latam,Central America,México,Tapachula,Chiapas
2995,Latam,South America,Brasil,Londrina,Paraná
2996,Africa,North Africa,Egipto,Disuq,Kafr el Sheij
2997,Usca,Canada,Canada,Oakville,Ontario
2998,Usca,West Of Usa,Estados Unidos,Manteca,California
2999,Europe,Western Europe,Alemania,Stolberg,Renania del Norte-Westfalia
3000,Europe,Western Europe,Francia,Les Herbiers,Países del Loira
3001,Europe,Southern Europe,Italia,Modena,Emilia-Romaña
3002,Latam,South America,Colombia,Duitama,Boyacá
3003,Europe,Western Europe,Francia,Tremblay-en-France,Isla de Francia
3004,Europe,Northern Europe,Reino Unido,Southampton,Inglaterra
3005,Europe,Western Europe,Alemania,Günzburg,Bavaria
3006,Latam,South America,Venezuela,Porlamar,Nueva Esparta
3007,Usca,West Of Usa,Estados Unidos,San Luis Obispo,California
3008,Pacific Asia,Oceania,Australia,Burnie,Tasmania
3009,Pacific Asia,Eastern Asia,China,Ninghai,Zhejiang
3010,Pacific Asia,Eastern Asia,China,Zhoukou,Henan
3011,Europe,Western Europe,Bélgica,Hamme,Flanders Oriental
3012,Europe,Southern Europe,Italia,Manfredonia,Apulia
3013,Europe,Southern Europe,Italia,Ancona,Marche
3014,Pacific Asia,West Asia,Turquía,Iskenderun,Hatay
3015,Pacific Asia,West Asia,Yemen,Al Hudayda,Al Hudayda
3016,Africa,North Africa,Argelia,Guelma,Guelma
3017,Africa,North Africa,Argelia,Bugía,Bugía
3018,Pacific Asia,West Asia,Turquía,Trebisonda,Trebisonda
3019,Africa,West Africa,Guinea-Bissau,Bisáu,Bisáu
3020,Pacific Asia,West Asia,Emiratos Árabes Unidos,Ras al Khaymah,Ras al-Jaima
3021,Africa,West Africa,Nigeria,Shagamu,Ogun
3022,Usca,West Of Usa,Estados Unidos,Lodi,California
3023,Usca,West Of Usa,Estados Unidos,Longmont,Colorado
3024,Usca,West Of Usa,Estados Unidos,Thornton,Colorado
3025,Usca,West Of Usa,Estados Unidos,Santa Maria,California
3026,Latam,South America,Brasil,Indaiatuba,São Paulo
3027,Europe,Southern Europe,Italia,Prato,Toscana
3028,Europe,Eastern Europe,Ucrania,Kirovohrad,Kirovohrad
3029,Africa,North Africa,Egipto,Mallawi,Menia
3030,Pacific Asia,Central Asia,Kazajistán,Taraz,Zhambyl
3031,Pacific Asia,West Asia,Turquía,Kocaeli,Kocaeli
3032,Usca,West Of Usa,Estados Unidos,Gresham,Oregón
3033,Pacific Asia,South Asia,India,Karimnagar,Telangana
3034,Pacific Asia,Eastern Asia,China,Shangyu,Zhejiang
3035,Pacific Asia,South Asia,Pakistán,Sargodha,Punyab
3036,Pacific Asia,Eastern Asia,China,Wuhai,Mongolia Interior
3037,Europe,Western Europe,Francia,Montceau-les-Mines,Borgoña-Franco Condado
3038,Europe,Southern Europe,Italia,Molfetta,Apulia
3039,Europe,Western Europe,Francia,Thionville,Alsacia-Champaña-Ardenas-Lorena
3040,Europe,Western Europe,Francia,Saint-Chamond,Auvernia-Ródano-Alpes
3041,Europe,Western Europe,Francia,Vesoul,Borgoña-Franco Condado
3042,Europe,Western Europe,Países Bajos,Helmond,Brabante Septentrional
3043,Europe,Eastern Europe,Polonia,Chorzow,Silesia
3044,Europe,Southern Europe,Croacia,Split,Split-Dalmacia
3045,Europe,Western Europe,Francia,Berck,Norte-Paso de Calais-Picardía
3046,Europe,Western Europe,Francia,Le Pré-Saint-Gervais,Isla de Francia
3047,Europe,Western Europe,Bélgica,Tournai,Henao
3048,Europe,Western Europe,Francia,Vallauris,Provenza-Alpes-Costa Azul
3049,Europe,Western Europe,Francia,Castelnau-le-Lez,Languedoc-Rosellón-Mediodía-Pirineos
3050,Latam,South America,Argentina,Santiago del Estero,Santiago del Estero
3051,Latam,South America,Argentina,Quilmes,Buenos Aires (provincia)
3052,Pacific Asia,Eastern Asia,China,Heze,Shandong
3053,Pacific Asia,Eastern Asia,China,Renqiu,Hebei
3054,Pacific Asia,Eastern Asia,Japón,Matsumoto,Nagano
3055,Pacific Asia,West Asia,Turquía,Kars,Kars
3056,Pacific Asia,South Asia,India,Satna,Madhya Pradesh
3057,Pacific Asia,West Asia,Turquía,Aksaray,Aksaray
3058,Pacific Asia,Eastern Asia,Japón,Noda,Chiba
3059,Pacific Asia,Oceania,Nueva Zelanda,Paraparaumu,Wellington
3060,Usca,South Of  Usa,Estados Unidos,Pompano Beach,Florida
3061,Usca,South Of  Usa,Estados Unidos,Owensboro,Kentucky
3062,Usca,Us Center,Estados Unidos,Urbandale,Iowa
3063,Usca,East Of Usa,Estados Unidos,Altoona,Pensilvania
3064,Usca,Us Center,Estados Unidos,Highland Park,Illinois
3065,Africa,East Africa,Tanzania,Tanga,Tanga
3066,Europe,Eastern Europe,Eslovaquia,Zilina,ilina
3067,Europe,Southern Europe,Italia,Bisceglie,Apulia
3068,Usca,Us Center,Estados Unidos,San Angelo,Texas
3069,Africa,West Africa,Costa de Marfil,Bouake,Vallée du Bandama
3070,Europe,Western Europe,Francia,Choisy-le-Roi,Isla de Francia
3071,Pacific Asia,Eastern Asia,China,Xiangfan,Hubei
3072,Usca,South Of  Usa,Estados Unidos,Kenner,Luisiana
3073,Usca,East Of Usa,Estados Unidos,Mentor,Ohio
3074,Pacific Asia,Eastern Asia,China,Chengjiang,Jiangsu
3075,Pacific Asia,West Asia,Turquía,Silivri,Estambul
3076,Africa,West Africa,Benín,Ouidah,Departamento Atlántico
3077,Africa,North Africa,Egipto,Idfu,Aswan
3078,Africa,North Africa,Argelia,Barika,Batna
3079,Europe,Western Europe,Francia,Annecy-le-Vieux,Auvernia-Ródano-Alpes
3080,Europe,Western Europe,Francia,Villiers-le-Bel,Isla de Francia
3081,Europe,Western Europe,Francia,Rochefort,Aquitania-Lemosín-Poitou-Charentes
3082,Europe,Eastern Europe,Rusia,Bratsk,Irkutsk
3083,Europe,Northern Europe,Reino Unido,High Wycombe,Inglaterra
3084,Europe,Northern Europe,Suecia,Huddinge,Estocolmo
3085,Europe,Northern Europe,Reino Unido,Halesowen,Inglaterra
3086,Europe,Northern Europe,Irlanda,Galway,Galway
3087,Europe,Western Europe,Alemania,Weimar,Turingia
3088,Europe,Western Europe,Francia,Saint-Pol-sur-Mer,Norte-Paso de Calais-Picardía
3089,Europe,Eastern Europe,Rusia,Salavat,Bashkortostán
3090,Europe,Western Europe,Francia,Haguenau,Alsacia-Champaña-Ardenas-Lorena
3091,Europe,Western Europe,Francia,Lorient,Bretaña
3092,Europe,Southern Europe,España,Orihuela,Valenciana
3093,Europe,Western Europe,Francia,Blanquefort,Aquitania-Lemosín-Poitou-Charentes
3094,Europe,Western Europe,Alemania,Rheine,Renania del Norte-Westfalia
3095,Usca,Us Center,Estados Unidos,Sheboygan,Wisconsin
3096,Africa,East Africa,Mozambique,Chimoio,Manica
3097,Europe,Western Europe,Países Bajos,Maastricht,Limburgo
3098,Europe,Northern Europe,Reino Unido,Southport,Inglaterra
3099,Europe,Southern Europe,España,Gandia,Valenciana
3100,Europe,Western Europe,Alemania,Baden-Baden,Baden-Wurtemberg
3101,Europe,Western Europe,Francia,Montfermeil,Isla de Francia
3102,Europe,Western Europe,Francia,Saint-Gratien,Isla de Francia
3103,Europe,Southern Europe,España,Benidorm,Valenciana
3104,Europe,Southern Europe,Italia,Massa,Toscana
3105,Europe,Western Europe,Francia,Aix-les-Bains,Auvernia-Ródano-Alpes
3106,Latam,South America,Venezuela,Palo Negro,Aragua
3107,Latam,South America,Brasil,Jurema,Pernambuco
3108,Pacific Asia,South Asia,India,Nizamabad,Telangana
3109,Pacific Asia,Southeast Asia,Indonesia,Ambon,Maluku
3110,Pacific Asia,West Asia,Turquía,Malatya,Malatya
3111,Usca,South Of  Usa,Estados Unidos,Mount Pleasant,Carolina del Sur
3112,Usca,West Of Usa,Estados Unidos,Yuma,Arizona
3113,Usca,Us Center,Estados Unidos,Westland,Michigan
3114,Usca,Us Center,Estados Unidos,West Allis,Wisconsin
3115,Usca,South Of  Usa,Estados Unidos,Cary,Carolina del Norte
3116,Europe,Western Europe,Francia,Gap,Provenza-Alpes-Costa Azul
3117,Pacific Asia,Eastern Asia,China,Fuzhou,Fujian
3118,Pacific Asia,Eastern Asia,China,Xiantao,Hubei
3119,Africa,West Africa,Senegal,Ziguinchor,Ziguinchor
3120,Europe,Western Europe,Países Bajos,Den Helder,Holanda Septentrional
3121,Europe,Western Europe,Países Bajos,Enschede,Overijssel
3122,Usca,Us Center,Estados Unidos,Sioux Falls,Dakota del Sur
3123,Usca,Us Center,Estados Unidos,Wheeling,Illinois
3124,Latam,South America,Brasil,Manacapuru,Amazonas
3125,Usca,South Of  Usa,Estados Unidos,Líbano,Tennessee
3126,Usca,South Of  Usa,Estados Unidos,Summerville,Carolina del Sur
3127,Africa,East Africa,Kenia,Nakuru,Gran Valle del Rift
3128,Africa,East Africa,Zimbabue,Epworth,Harare
3129,Africa,West Africa,Níger,Nguigmi,Diffa
3130,Africa,West Africa,Benín,Parakou,Borgou
3131,Europe,Northern Europe,Reino Unido,Woking,Inglaterra
3132,Europe,Western Europe,Países Bajos,Barneveld,Güeldres
3133,Europe,Western Europe,Alemania,Hilden,Renania del Norte-Westfalia
3134,Europe,Northern Europe,Reino Unido,Stockport,Inglaterra
3135,Europe,Western Europe,Alemania,Greifswald,Mecklemburgo-Pomerania Occidental
3136,Europe,Western Europe,Alemania,Neu-Ulm,Bavaria
3137,Europe,Western Europe,Alemania,Waiblingen,Baden-Wurtemberg
3138,Europe,Western Europe,Francia,Blois,Centro-Valle de Loira
3139,Europe,Western Europe,Francia,Gagny,Isla de Francia
3140,Europe,Western Europe,Francia,Melun,Isla de Francia
3141,Europe,Western Europe,Francia,Goussainville,Isla de Francia
3142,Europe,Southern Europe,Italia,Faenza,Emilia-Romaña
3143,Europe,Western Europe,Francia,Maubeuge,Norte-Paso de Calais-Picardía
3144,Europe,Northern Europe,Reino Unido,Cumbernauld,Escocia
3145,Europe,Western Europe,Países Bajos,Amstelveen,Holanda Septentrional
3146,Europe,Western Europe,Francia,Sallanches,Auvernia-Ródano-Alpes
3147,Latam,South America,Brasil,Divinópolis,Minas Gerais
3148,Pacific Asia,South Asia,India,Gulbarga,Karnataka
3149,Pacific Asia,Eastern Asia,China,Penglai,Shandong
3150,Pacific Asia,Eastern Asia,China,Xingtai,Hebei
3151,Pacific Asia,Eastern Asia,China,Kaiyuan,Yunnan
3152,Africa,Southern Africa,SudAfrica,Randfontein,Gauteng
3153,Europe,Southern Europe,España,Segovia,Castilla y León
3154,Europe,Southern Europe,Italia,Chioggia,Véneto
3155,Europe,Eastern Europe,Polonia,Gliwice,Silesia
3156,Europe,Western Europe,Francia,Lons-le-Saunier,Borgoña-Franco Condado
3157,Latam,South America,Chile,San Antonio,Valparaíso
3158,Latam,South America,Brasil,Catalão,Goiás
3159,Pacific Asia,Eastern Asia,China,Langfang,Hebei
3160,Pacific Asia,West Asia,Israel,Ramat Gan,Tel Aviv
3161,Pacific Asia,West Asia,Turquía,Adiyaman,Adiyaman
3162,Pacific Asia,Oceania,Nueva Zelanda,Timaru,Canterbury
3163,Pacific Asia,Eastern Asia,China,Huzhou,Zhejiang
3164,Pacific Asia,South Asia,Irán,Bandar-e Anzali,Guilán
3165,Usca,West Of Usa,Estados Unidos,Boise,Idaho
3166,Usca,West Of Usa,Estados Unidos,Lancaster,California
3167,Usca,West Of Usa,Estados Unidos,Salinas,California
3168,Usca,East Of Usa,Estados Unidos,Warwick,Rhode Island
3169,Latam,South America,Brasil,Santa Helena,Marañón
3170,Europe,Western Europe,Francia,Concarneau,Bretaña
3171,Pacific Asia,Oceania,Australia,Goulburn,Nueva Gales del Sur
3172,Usca,Us Center,Estados Unidos,Abilene,Texas
3173,Usca,East Of Usa,Estados Unidos,Bowling Green,Ohio
3174,Europe,Northern Europe,Reino Unido,Chapel Allerton,Inglaterra
3175,Africa,East Africa,Uganda,Jinja,Jinja
3176,Africa,North Africa,Argelia,Baraki,Tipaza
3177,Africa,Southern Africa,SudAfrica,Centurion,Gauteng
3178,Africa,East Africa,Tanzania,Uvinza,Kigoma
3179,Africa,East Africa,Tanzania,Morogoro,Morogoro
3180,Africa,East Africa,Madagascar,Toamasina,Atsinanana
3181,Africa,North Africa,Egipto,Asiut,Asiut
3182,Europe,Western Europe,Francia,Voiron,Auvernia-Ródano-Alpes
3183,Europe,Western Europe,Alemania,Stralsund,Mecklemburgo-Pomerania Occidental
3184,Europe,Western Europe,Francia,La Crau,Provenza-Alpes-Costa Azul
3185,Europe,Northern Europe,Reino Unido,Bury,Inglaterra
3186,Europe,Northern Europe,Dinamarca,Kalundborg,Selandia
3187,Europe,Western Europe,Países Bajos,Bergen op Zoom,Brabante Septentrional
3188,Europe,Eastern Europe,Ucrania,Oleksandriya,Kirovohrad
3189,Europe,Northern Europe,Reino Unido,Kidderminster,Inglaterra
3190,Europe,Eastern Europe,Hungría,Gy?r,Gy?r
3191,Europe,Western Europe,Francia,Dole,Borgoña-Franco Condado
3192,Europe,Southern Europe,Italia,Vittoria,Sicilia
3193,Europe,Eastern Europe,Polonia,Nysa,Opole
3194,Latam,South America,Brasil,Sousa,Paraíba
3195,Latam,South America,Brasil,Jaú,São Paulo
3196,Latam,South America,Venezuela,El Tigre,Anzoátegui
3197,Latam,South America,Brasil,Lajeado,Rio Grande do Sul
3198,Latam,South America,Brasil,Toledo,Paraná
3199,Pacific Asia,Eastern Asia,China,Jiaohe,Jilin
3200,Pacific Asia,Eastern Asia,China,Anshun,Guizhou
3201,Pacific Asia,Southeast Asia,Indonesia,Mataram,Nusatenggara Occidental
3202,Pacific Asia,Eastern Asia,Japón,Kure,Hiroshima
3203,Pacific Asia,West Asia,Turquía,Afyon,Afyonkarahisar
3204,Pacific Asia,Southeast Asia,Indonesia,Jayapura,Papua
3205,Pacific Asia,West Asia,Turquía,Tarsus,Mersin
3206,Pacific Asia,West Asia,Turquía,Diyarbakir,Diyarbakir
3207,Pacific Asia,Eastern Asia,China,Jingmen,Hubei
3208,Pacific Asia,Eastern Asia,China,Quanzhou,Fujian
3209,Usca,Us Center,Estados Unidos,Marion,Iowa
3210,Usca,East Of Usa,Estados Unidos,Lancaster,Pensilvania
3211,Europe,Western Europe,Francia,Chilly-Mazarin,Isla de Francia
3212,Latam,Central America,México,Matehuala,San Luis Potosí
3213,Latam,South America,Brasil,Arcoverde,Pernambuco
3214,Pacific Asia,Eastern Asia,Japón,Kawagoe,Saitama
3215,Pacific Asia,South Asia,India,Shahjahanpur,Uttar Pradesh
3216,Pacific Asia,South Asia,India,Barddhaman,Bengala Occidental
3217,Pacific Asia,West Asia,Turquía,Çanakkale,Çanakkale
3218,Usca,East Of Usa,Estados Unidos,New Brunswick,Nueva Jersey
3219,Usca,Us Center,Estados Unidos,Cottage Grove,Minnesota
3220,Usca,Us Center,Estados Unidos,Gladstone,Misuri
3221,Usca,Us Center,Estados Unidos,Eau Claire,Wisconsin
3222,Usca,West Of Usa,Estados Unidos,Chico,California
3223,Usca,Canada,Canada,Burnaby,Columbia británica
3224,Usca,West Of Usa,Estados Unidos,Modesto,California
3225,Europe,Southern Europe,Albania,Elbasan,Elbasan
3226,Usca,West Of Usa,Estados Unidos,Concord,California
3227,Usca,Canada,Canada,Dartmouth,Nueva Escocia
3228,Usca,East Of Usa,Estados Unidos,Hamilton,Ohio
3229,Europe,Western Europe,Francia,Lagny-sur-Marne,Isla de Francia
3230,Latam,South America,Venezuela,Guatire,Miranda
3231,Pacific Asia,West Asia,Irak,Samarra,Saladino
3232,Usca,South Of  Usa,Estados Unidos,Macon,Georgia
3233,Usca,South Of  Usa,Estados Unidos,West Palm Beach,Florida
3234,Europe,Western Europe,Francia,Tulle,Aquitania-Lemosín-Poitou-Charentes
3235,Latam,South America,Brasil,Barretos,São Paulo
3236,Latam,South America,Brasil,Erechim,Rio Grande do Sul
3237,Latam,Central America,México,Huixquilucan,México
3238,Pacific Asia,Eastern Asia,China,Shuangcheng,Heilongjiang
3239,Pacific Asia,West Asia,Líbano,Tripoli,Líbano del Norte
3240,Pacific Asia,Eastern Asia,China,Foshan,Guangdong
3241,Pacific Asia,Eastern Asia,China,Suizhou,Hubei
3242,Pacific Asia,Eastern Asia,Japón,Ube,Yamaguchi
3243,Pacific Asia,Eastern Asia,China,Meizhou,Guangdong
3244,Pacific Asia,Eastern Asia,China,Tongliao,Mongolia Interior
3245,Usca,East Of Usa,Estados Unidos,Revere,Massachusetts
3246,Usca,Canada,Canada,Hamilton,Ontario
3247,Usca,South Of  Usa,Estados Unidos,Hot Springs,Arkansas
3248,Usca,Us Center,Estados Unidos,Woodstock,Illinois
3249,Usca,Us Center,Estados Unidos,Rochester Hills,Michigan
3250,Usca,West Of Usa,Estados Unidos,Bullhead City,Arizona
3251,Latam,South America,Brasil,Vilhena,Rondônia
3252,Usca,East Of Usa,Estados Unidos,Milford,Connecticut
3253,Usca,West Of Usa,Estados Unidos,Renton,Washington
3254,Europe,Western Europe,Francia,Issoire,Auvernia
3255,Europe,Eastern Europe,Ucrania,Mariupol,Donetsk
3256,Europe,Western Europe,Francia,Albertville,Auvernia-Ródano-Alpes
3257,Europe,Eastern Europe,Rusia,Khasavyurt,Daguestán
3258,Europe,Western Europe,Austria,Leoben,Stiria
3259,Europe,Western Europe,Alemania,Wetter (Ruhr),Renania del Norte-Westfalia
3260,Europe,Western Europe,Francia,Coudekerque-Branche,Norte-Paso de Calais-Picardía
3261,Europe,Western Europe,Francia,Poitiers,Aquitania-Lemosín-Poitou-Charentes
3262,Europe,Southern Europe,Italia,Trani,Apulia
3263,Latam,South America,Brasil,Santa Cruz do Sul,Rio Grande do Sul
3264,Latam,South America,Surinam,Paramaribo,Paramaribo
3265,Latam,Central America,Guatemala,Guatemala City,Guatemala
3266,Latam,South America,Brasil,Cassilândia,Mato Grosso del Sur
3267,Pacific Asia,Eastern Asia,China,Xuanhua,Hebei
3268,Pacific Asia,Eastern Asia,China,Leshan,Sichuan
3269,Pacific Asia,South Asia,India,Hisar,Haryana
3270,Pacific Asia,Eastern Asia,Japón,Kasugai,Aichi
3271,Usca,South Of  Usa,Estados Unidos,Tuscaloosa,Alabama
3272,Usca,West Of Usa,Estados Unidos,Temecula,California
3273,Usca,South Of  Usa,Estados Unidos,Gulfport,Misisipi
3274,Usca,Us Center,Estados Unidos,La Porte,Texas
3275,Usca,West Of Usa,Estados Unidos,Oxnard,California
3276,Usca,West Of Usa,Estados Unidos,Stockton,California
3277,Usca,East Of Usa,Estados Unidos,Woonsocket,Rhode Island
3278,Usca,Us Center,Estados Unidos,Buffalo Grove,Illinois
3279,Usca,Us Center,Estados Unidos,Garland,Texas
3280,Usca,Us Center,Estados Unidos,Edmond,Oklahoma
3281,Europe,Western Europe,Francia,Salon-de-Provence,Provenza-Alpes-Costa Azul
3282,Usca,Us Center,Estados Unidos,Taylor,Michigan
3283,Usca,Us Center,Estados Unidos,Holland,Michigan
3284,Pacific Asia,West Asia,Irak,Al Amarah,Mesena
3285,Africa,Central Africa,Camerún,Maroua,Extreme-Nord
3286,Africa,East Africa,Tanzania,Moshi,Kilimanjaro
3287,Europe,Southern Europe,España,Rubí,Cataluña
3288,Europe,Western Europe,Francia,Caluire-et-Cuire,Auvernia-Ródano-Alpes
3289,Pacific Asia,Eastern Asia,China,Pingxiang,Jiangxi
3290,Usca,Us Center,Estados Unidos,Waukesha,Wisconsin
3291,Usca,Us Center,Estados Unidos,Lawton,Oklahoma
3292,Pacific Asia,Eastern Asia,China,Korla,Xinjiang Uygur
3293,Africa,West Africa,Costa de Marfil,Yamoussoukro,Lacs
3294,Africa,North Africa,Egipto,Qena,Qina
3295,Europe,Western Europe,Francia,Bergerac,Aquitania-Lemosín-Poitou-Charentes
3296,Europe,Eastern Europe,Polonia,Sosnowiec,Silesia
3297,Europe,Western Europe,Francia,Ermont,Isla de Francia
3298,Europe,Western Europe,Alemania,Ludwigsburg,Baden-Wurtemberg
3299,Europe,Western Europe,Alemania,Delmenhorst,Baja Sajonia
3300,Latam,South America,Ecuador,Quevedo,Los Ríos
3301,Latam,South America,Brasil,Araraquara,São Paulo
3302,Latam,South America,Perú,Chiclayo,Lambayeque
3303,Latam,South America,Brasil,Santos,São Paulo
3304,Latam,South America,Bolivia,Riberalta,El Beni
3305,Latam,Central America,Belice,San Ignacio,Distrito de Cayo
3306,Latam,South America,Brasil,Taboão da Serra,São Paulo
3307,Pacific Asia,South Asia,India,Tumkur,Karnataka
3308,Pacific Asia,Eastern Asia,Corea del Sur,Cheonan,Chungcheong del Sur
3309,Usca,South Of  Usa,Estados Unidos,Boca Raton,Florida
3310,Usca,East Of Usa,Estados Unidos,Andover,Massachusetts
3311,Europe,Southern Europe,Eslovenia,Liubliana,Liubliana
3312,Pacific Asia,Eastern Asia,China,Suining,Sichuan
3313,Pacific Asia,South Asia,Afganistán,Kandahar,Kandahar
3314,Pacific Asia,South Asia,Irán,Shahreza,Isfahán
3315,Pacific Asia,South Asia,Irán,Ilam,Ilam
3316,Usca,West Of Usa,Estados Unidos,Citrus Heights,California
3317,Usca,West Of Usa,Estados Unidos,Loveland,Colorado
3318,Africa,West Africa,Nigeria,Akure,Ondo
3319,Africa,West Africa,Sierra Leona,Koidu,Oriental
3320,Africa,Central Africa,República Democrática del Congo,Uvira,Kivu del Sur
3321,Africa,West Africa,Nigeria,Bauchi,Bauchi
3322,Africa,East Africa,Uganda,Fort Portal,Kabarole
3323,Europe,Western Europe,Países Bajos,Terneuzen,Zelanda
3324,Latam,South America,Brasil,Caraguatatuba,São Paulo
3325,Latam,South America,Colombia,Apartadó,Antioquía
3326,Europe,Western Europe,Francia,Plaisance-du-Touch,Languedoc-Rosellón-Mediodía-Pirineos
3327,Europe,Northern Europe,Reino Unido,Clacton-on-Sea,Inglaterra
3328,Europe,Southern Europe,España,Getxo,País Vasco
3329,Europe,Southern Europe,Portugal,Odivelas,Lisboa
3330,Pacific Asia,South Asia,Irán,Behbahan,Juzestán
3331,Usca,Canada,Canada,Pickering,Ontario
3332,Europe,Eastern Europe,Polonia,Gorzow Wielkopolski,Lubusz
3333,Pacific Asia,West Asia,Turquía,Aydin,Aydin
3334,Europe,Southern Europe,España,Majadahonda,Madrid
3335,Europe,Western Europe,Alemania,Cuxhaven,Baja Sajonia
3336,Europe,Northern Europe,Reino Unido,Chatham,Inglaterra
3337,Latam,South America,Brasil,Bento Gonçalves,Rio Grande do Sul
3338,Latam,South America,Brasil,Palmares,Pernambuco
3339,Europe,Eastern Europe,Polonia,Zielona Gora,Lubusz
3340,Usca,Us Center,Estados Unidos,Woodbury,Minnesota
3341,Pacific Asia,South Asia,India,Jalna,Maharashtra
3342,Latam,South America,Brasil,Crato,Ceará
3343,Latam,South America,Colombia,Ciénaga,Magdalena
3344,Europe,Western Europe,Francia,Dax,Aquitania-Lemosín-Poitou-Charentes
3345,Europe,Southern Europe,España,Molina de Segura,Murcia
3346,Latam,South America,Argentina,San Salvador de Jujuy,Jujuy
3347,Europe,Northern Europe,Suecia,Halmstad,Halland
3348,Pacific Asia,Eastern Asia,China,Gaomi,Shandong
3349,Pacific Asia,Eastern Asia,China,Wuzhou,Guangxi
3350,Pacific Asia,South Asia,India,Anantapur,Andhra Pradesh
3351,Pacific Asia,Eastern Asia,China,Huaihua,Hunan
3352,Pacific Asia,Southeast Asia,Indonesia,Pekalongan,Java Central
3353,Pacific Asia,Eastern Asia,China,Xinxiang,Henan
3354,Pacific Asia,Eastern Asia,China,Guiping,Guangxi
3355,Europe,Western Europe,Francia,Sartrouville,Isla de Francia
3356,Europe,Western Europe,Francia,Bastia,Corse
3357,Europe,Southern Europe,Portugal,Guimarães,Braga
3358,Europe,Southern Europe,Italia,Civitavecchia,Lacio
3359,Europe,Western Europe,Francia,Saint-Louis,Alsacia-Champaña-Ardenas-Lorena
3360,Europe,Western Europe,Francia,Agen,Aquitania-Lemosín-Poitou-Charentes
3361,Europe,Western Europe,Alemania,Marl,Renania del Norte-Westfalia
3362,Europe,Western Europe,Francia,Oullins,Auvernia-Ródano-Alpes
3363,Europe,Southern Europe,Italia,Ragusa,Sicilia
3364,Europe,Southern Europe,Italia,Caserta,Campania
3365,Europe,Western Europe,Francia,Valenciennes,Norte-Paso de Calais-Picardía
3366,Europe,Western Europe,Francia,Avon,Isla de Francia
3367,Europe,Western Europe,Francia,Les Pennes-Mirabeau,Provenza-Alpes-Costa Azul
3368,Europe,Western Europe,Alemania,Borken,Renania del Norte-Westfalia
3369,Europe,Northern Europe,Suecia,Eskilstuna,Södermanland
3370,Europe,Western Europe,Alemania,Bad Waldsee,Baden-Wurtemberg
3371,Europe,Northern Europe,Reino Unido,South Shields,Inglaterra
3372,Europe,Western Europe,Francia,Osny,Isla de Francia
3373,Europe,Western Europe,Francia,Mâcon,Borgoña-Franco Condado
3374,Europe,Western Europe,Francia,Loos,Norte-Paso de Calais-Picardía
3375,Europe,Western Europe,Francia,Houilles,Isla de Francia
3376,Europe,Northern Europe,Reino Unido,Stourbridge,Inglaterra
3377,Latam,South America,Venezuela,Barcelona,Anzoátegui
3378,Latam,South America,Brasil,Andradina,São Paulo
3379,Latam,South America,Brasil,Pato Branco,Paraná
3380,Latam,South America,Brasil,Floriano,Piauí
3381,Latam,South America,Venezuela,Guarenas,Miranda
3382,Latam,South America,Brasil,Palhoça,Santa Catarina
3383,Latam,Central America,México,Cadereyta,Nuevo León
3384,Latam,South America,Colombia,Villavicencio,Meta
3385,Latam,Central America,México,Delicias,Chihuahua
3386,Latam,South America,Brasil,Franco da Rocha,São Paulo
3387,Latam,South America,Paraguay,Fernando de la Mora,Central
3388,Latam,South America,Brasil,Várzea Grande,Mato Grosso
3389,Latam,South America,Brasil,Gravatá,Pernambuco
3390,Pacific Asia,South Asia,Irán,Babol,Mazandarán
3391,Pacific Asia,South Asia,India,Mau,Uttar Pradesh
3392,Usca,West Of Usa,Estados Unidos,Clovis,Nuevo México
3393,Europe,Western Europe,Francia,Saint-Cloud,Isla de Francia
3394,Pacific Asia,West Asia,Turquía,Igdir,Igdir
3395,Africa,East Africa,Zambia,Chipata,Oriental
3396,Pacific Asia,Eastern Asia,China,Yantai,Shandong
3397,Africa,West Africa,Níger,Zinder,Zinder
3398,Europe,Southern Europe,Portugal,Feira,Aveiro
3399,Europe,Eastern Europe,Polonia,Pila,Gran Polonia
3400,Europe,Northern Europe,Reino Unido,Ferndown,Inglaterra
3401,Latam,South America,Argentina,Santa Rosa,La Pampa
3402,Pacific Asia,Eastern Asia,China,Yiyang,Hunan
3403,Pacific Asia,West Asia,Turquía,Inegol,Bursa
3404,Usca,South Of  Usa,Estados Unidos,Delray Beach,Florida
3405,Usca,West Of Usa,Estados Unidos,Murrieta,California
3406,Europe,Northern Europe,Reino Unido,Stevenage,Inglaterra
3407,Europe,Eastern Europe,Ucrania,Berdyans'k,Zaporiyia
3408,Pacific Asia,West Asia,Turquía,Karliova,Bingöl
3409,Europe,Eastern Europe,Rumania,Roman,Neamt
3410,Europe,Western Europe,Alemania,Neuwied,Renania-Palatinado
3411,Europe,Western Europe,Países Bajos,Amersfoort,Utrecht
3412,Europe,Western Europe,Países Bajos,Roosendaal,Brabante Septentrional
3413,Europe,Eastern Europe,Bielorrusia,Polatsk,Vitsyebsk
3414,Pacific Asia,South Asia,Irán,Saqqez,Kurdistán
3415,Europe,Western Europe,Países Bajos,Nijmegen,Güeldres
3416,Europe,Western Europe,Francia,Montargis,Centro-Valle de Loira
3417,Europe,Western Europe,Países Bajos,Oss,Brabante Septentrional
3418,Latam,South America,Brasil,Cidade Ocidental,Goiás
3419,Latam,South America,Brasil,Carapicuíba,São Paulo
3420,Latam,South America,Perú,Talara,Piura
3421,Usca,Us Center,Estados Unidos,Peoria,Illinois
3422,Usca,West Of Usa,Estados Unidos,Camarillo,California
3423,Europe,Western Europe,Países Bajos,Uithoorn,Holanda Septentrional
3424,Latam,South America,Argentina,La Rioja,La Rioja
3425,Europe,Northern Europe,Reino Unido,Rottingdean,Inglaterra
3426,Usca,Us Center,Estados Unidos,Fargo,Dakota del Norte
3427,Europe,Eastern Europe,Rumania,Drobeta-Turnu Severin,Mehedinti
3428,Usca,Canada,Canada,Brantford,Ontario
3429,Africa,North Africa,Egipto,Tahta,Suhaj
3430,Africa,West Africa,República de Gambia,Brikama,Occidental
3431,Europe,Western Europe,Francia,Ris-Orangis,Isla de Francia
3432,Europe,Western Europe,Francia,Millau,Languedoc-Rosellón-Mediodía-Pirineos
3433,Europe,Northern Europe,Reino Unido,Harlow,Inglaterra
3434,Europe,Southern Europe,España,Cuenca,Castilla-La Mancha
3435,Europe,Northern Europe,Reino Unido,Dunstable,Inglaterra
3436,Latam,South America,Venezuela,Charallave,Miranda
3437,Latam,Central America,México,Acámbaro,Guanajuato
3438,Latam,South America,Brasil,Paço do Lumiar,Marañón
3439,Latam,South America,Perú,Barranca,Lima
3440,Pacific Asia,South Asia,India,Mau,Madhya Pradesh
3441,Pacific Asia,West Asia,Turquía,Torbali,Izmir
3442,Pacific Asia,Eastern Asia,China,Shihezi,Xinjiang Uygur
3443,Pacific Asia,South Asia,Bangladés,Tongi,Daca
3444,Pacific Asia,Eastern Asia,China,Binzhou,Heilongjiang
3445,Pacific Asia,Eastern Asia,Japón,Takasaki,Gunma
3446,Usca,Us Center,Estados Unidos,Dubuque,Iowa
3447,Usca,West Of Usa,Estados Unidos,Whittier,California
3448,Usca,West Of Usa,Estados Unidos,Ontario,California
3449,Usca,Us Center,Estados Unidos,Bryan,Texas
3450,Usca,Us Center,Estados Unidos,Cedar Rapids,Iowa
3451,Usca,East Of Usa,Estados Unidos,Elyria,Ohio
3452,Usca,Canada,Canada,Longueuil,Quebec
3453,Usca,South Of  Usa,Estados Unidos,Saint Petersburg,Florida
3454,Usca,South Of  Usa,Estados Unidos,Homestead,Florida
3455,Usca,West Of Usa,Estados Unidos,Marysville,Washington
3456,Africa,West Africa,Senegal,Saint-Louis,Saint-Louis
3457,Europe,Western Europe,Alemania,Ludwigsfelde,Brandenburgo
3458,Pacific Asia,South Asia,Irán,Gorgan,Golestán
3459,Europe,Western Europe,Francia,Stains,Isla de Francia
3460,Latam,South America,Brasil,Ipatinga,Minas Gerais
3461,Europe,Eastern Europe,Rusia,Oktyabr'skiy,Bashkortostán
3462,Usca,Us Center,Estados Unidos,Royal Oak,Michigan
3463,Usca,Us Center,Estados Unidos,Norman,Oklahoma
3464,Europe,Eastern Europe,Hungría,Balmazujvaros,Hajdú-Bihar
3465,Pacific Asia,West Asia,Turquía,Silopi,Sirnak
3466,Usca,Us Center,Estados Unidos,Coppell,Texas
3467,Usca,South Of  Usa,Estados Unidos,Rock Hill,Carolina del Sur
3468,Africa,West Africa,Liberia,Zwedru,Grand Gedeh
3469,Africa,East Africa,Tanzania,Iringa,Iringa
3470,Africa,Southern Africa,Botsuana,Gaborone,Sudeste
3471,Latam,Central America,México,Guamúchil,Sinaloa
3472,Pacific Asia,Eastern Asia,China,Anyang,Henan
3473,Europe,Western Europe,Francia,Villeneuve-la-Garenne,Isla de Francia
3474,Pacific Asia,Eastern Asia,Japón,Yokkaichi,Mie
3475,Europe,Northern Europe,Reino Unido,Briton Ferry,Gales
3476,Europe,Eastern Europe,Rusia,Birobidzhan,Yevrey
3477,Europe,Eastern Europe,Rumania,Oradea,Bihor
3478,Latam,South America,Brasil,Ariquemes,Rondônia
3479,Pacific Asia,West Asia,Turquía,Bolu,Bolu
3480,Pacific Asia,Eastern Asia,China,Changshu,Jiangsu
3481,Africa,East Africa,Zimbabue,Mutare,Manicalandia
3482,Europe,Northern Europe,Reino Unido,Guildford,Inglaterra
3483,Europe,Western Europe,Francia,La Ciotat,Provenza-Alpes-Costa Azul
3484,Europe,Southern Europe,Italia,Treviglio,Lombardía
3485,Europe,Western Europe,Francia,Cherbourg-Octeville,Normandía
3486,Pacific Asia,West Asia,Turquía,Buca,Izmir
3487,Usca,East Of Usa,Estados Unidos,Marlborough,Massachusetts
3488,Africa,East Africa,Mozambique,Lichinga,Niassa
3489,Europe,Northern Europe,Reino Unido,Nuneaton,Inglaterra
3490,Europe,Western Europe,Francia,Mauguio,Languedoc-Rosellón-Mediodía-Pirineos
3491,Pacific Asia,Eastern Asia,China,Zhangzhou,Fujian
3492,Pacific Asia,West Asia,Armenia,Vanadzor,Lori
3493,Usca,Us Center,Estados Unidos,Greenwood,Indiana
3494,Usca,Us Center,Estados Unidos,Grand Island,Nebraska
3495,Pacific Asia,West Asia,Turquía,Kiziltepe,Mardin
3496,Europe,Southern Europe,Italia,Modica,Sicilia
3497,Pacific Asia,South Asia,Irán,Semnán,Semnán
3498,Pacific Asia,Eastern Asia,China,Beipiao,Liaoning
3499,Usca,Us Center,Estados Unidos,Ann Arbor,Michigan
3500,Pacific Asia,Eastern Asia,China,Cangzhou,Hebei
3501,Usca,West Of Usa,Estados Unidos,Bozeman,Montana
3502,Pacific Asia,Oceania,Australia,Warrnambool,Victoria
3503,Pacific Asia,Central Asia,Uzbekistán,Jizzakh,Jizzakh
3504,Usca,West Of Usa,Estados Unidos,Santa Fe,Nuevo México
3505,Usca,East Of Usa,Estados Unidos,Reading,Pensilvania
3506,Africa,North Africa,Egipto,Girga,Suhaj
3507,Usca,Canada,Canada,Halifax,Nueva Escocia
3508,Pacific Asia,West Asia,Israel,Be'er Sheva,Meridional
3509,Pacific Asia,West Asia,Turquía,Umraniye,Estambul
3510,Europe,Eastern Europe,Bulgaria,Sliven,Sliven
3511,Africa,North Africa,Marruecos,Berrechid,Chauía-Uardiga
3512,Pacific Asia,South Asia,Irán,Rafsanjan,Kerman
3513,Africa,East Africa,Tanzania,Igurusi,Mbeya
3514,Pacific Asia,West Asia,Turquía,Isparta,Isparta
3515,Pacific Asia,West Asia,Turquía,Rize,Rize
3516,Africa,Southern Africa,SudAfrica,Pietermaritzburg,KwaZulu-Natal
3517,Africa,West Africa,Nigeria,Gusau,Zamfara
3518,Pacific Asia,South Asia,Irán,Shahriar,Teherán
3519,Africa,Central Africa,Guinea Ecuatorial,Bata,Litoral
3520,Europe,Eastern Europe,Ucrania,Melitopol,Zaporiyia
3521,Pacific Asia,South Asia,Irán,Borazjan,Bushehr
3522,Pacific Asia,West Asia,Irak,Baqubah,Diala
3523,Pacific Asia,West Asia,Siria,Ar Raqa,Ar Raqa
3524,Africa,North Africa,Egipto,Tanta,Gharbia
3525,Europe,Eastern Europe,Ucrania,Stakhanov,Lugansk
3526,Africa,North Africa,Libia,Al Khums,Al Marqab
3527,Pacific Asia,Central Asia,Kirguistán,Osh,Osh
3528,Africa,West Africa,Ghana,Cape Coast,Central
3529,Pacific Asia,West Asia,Turquía,Tokat,Tokat
3530,Europe,Eastern Europe,Rusia,Nal'chik,Kabardia-Balkaria
3531,Pacific Asia,West Asia,Turquía,Usak,Usak
3532,Europe,Eastern Europe,Rumania,Deva,Hunedoara
3533,Africa,East Africa,Zambia,Mufulira,Copperbelt
3534,Africa,North Africa,Marruecos,Khemisset,Rabat-Salé-Zemur-Zaer
3535,Pacific Asia,West Asia,Kuwait,Kuwait City,Al Asimah
3536,Usca,East Of Usa,Estados Unidos,Mason,Ohio
3537,Usca,West Of Usa,Estados Unidos,San Clemente,California
3538,Usca,Us Center,Estados Unidos,Arlington Heights,Illinois
3539,Usca,West Of Usa,Estados Unidos,Fort Collins,Colorado
3540,Usca,South Of  Usa,Estados Unidos,North Miami,Florida
3541,Usca,West Of Usa,Estados Unidos,Twin Falls,Idaho
3542,Usca,West Of Usa,Estados Unidos,Rancho Cucamonga,California
3543,Latam,South America,Venezuela,San José de Guanipa,Anzoátegui
3544,Latam,South America,Brasil,Itamaraju,Bahía
3545,Latam,South America,Brasil,Tatuí,São Paulo
3546,Latam,South America,Brasil,Coari,Amazonas
3547,Latam,South America,Brasil,Senhor do Bonfim,Bahía
3548,Latam,South America,Brasil,Poços de Caldas,Minas Gerais
3549,Latam,South America,Brasil,Camaragibe,Pernambuco
3550,Latam,South America,Venezuela,Mérida,Mérida
3551,Europe,Western Europe,Francia,Chevilly-Larue,Isla de Francia
3552,Europe,Southern Europe,España,Chiclana de la Frontera,Andalucía
3553,Europe,Southern Europe,Italia,Cuneo,Piamonte
3554,Europe,Northern Europe,Suecia,Upplands Väsby,Estocolmo
3555,Usca,West Of Usa,Estados Unidos,Visalia,California
3556,Usca,South Of  Usa,Estados Unidos,North Charleston,Carolina del Sur
3557,Usca,West Of Usa,Estados Unidos,Thousand Oaks,California
3558,Usca,West Of Usa,Estados Unidos,Draper,Utah
3559,Usca,Us Center,Estados Unidos,Oak Park,Michigan
3560,Usca,Us Center,Estados Unidos,Kirkwood,Misuri
3561,Usca,South Of  Usa,Estados Unidos,Deltona,Florida
3562,Usca,Us Center,Estados Unidos,Danville,Illinois
3563,Usca,Us Center,Estados Unidos,Carol Stream,Illinois
3564,Usca,Us Center,Estados Unidos,Tinley Park,Illinois
3565,Usca,Us Center,Estados Unidos,Conroe,Texas
3566,Usca,West Of Usa,Estados Unidos,San Mateo,California
3567,Usca,Us Center,Estados Unidos,Missouri City,Texas
3568,Usca,West Of Usa,Estados Unidos,Billings,Montana
3569,Usca,South Of  Usa,Estados Unidos,Murray,Kentucky
3570,Usca,East Of Usa,Estados Unidos,Jamestown,Nueva York
3571,Usca,West Of Usa,Estados Unidos,Coachella,California
3572,Usca,Us Center,Estados Unidos,South Bend,Indiana
3573,Usca,West Of Usa,Estados Unidos,Auburn,Washington
3574,Usca,Us Center,Estados Unidos,Appleton,Wisconsin
3575,Pacific Asia,Oceania,Nueva Zelanda,Whakatane,Bay of Plenty
3576,Pacific Asia,Southeast Asia,Filipinas,San Pedro,Calabarzón
3577,Pacific Asia,South Asia,Bangladés,Coxs B?z?r,Chittagong
3578,Pacific Asia,Eastern Asia,China,Yongchuan,Chongqing
3579,Pacific Asia,Eastern Asia,China,Zaoyang,Hubei
3580,Pacific Asia,Eastern Asia,China,Rizhao,Shandong
3581,Pacific Asia,Eastern Asia,Japón,Tsukuba,Ibaraki
3582,Africa,East Africa,Zambia,Luanshya,Copperbelt
3583,Europe,Northern Europe,Reino Unido,Dartford,Inglaterra
3584,Europe,Western Europe,Alemania,Stadtlohn,Renania del Norte-Westfalia
3585,Europe,Southern Europe,Italia,Teramo,Abruzos
3586,Europe,Western Europe,Francia,Louviers,Normandía
3587,Europe,Southern Europe,Italia,Cercola,Campania
3588,Europe,Western Europe,Francia,Allauch,Provenza-Alpes-Costa Azul
3589,Europe,Northern Europe,Reino Unido,Bracknell,Inglaterra
3590,Europe,Western Europe,Alemania,Rosenheim,Bavaria
3591,Europe,Southern Europe,Italia,Casoria,Campania
3592,Latam,South America,Colombia,Facatativá,Cundinamarca
3593,Latam,South America,Chile,La Pintana,Santiago de Chile
3594,Latam,South America,Brasil,Itapeva,São Paulo
3595,Africa,East Africa,Tanzania,Musoma,Mara
3596,Africa,North Africa,Egipto,Damanhur,Al Buhayrah
3597,Europe,Eastern Europe,Bulgaria,Shumen,Shumen
3598,Europe,Eastern Europe,Hungría,Gyula,Békés
3599,Latam,South America,Brasil,Sorriso,Mato Grosso
3600,Pacific Asia,West Asia,Turquía,Ordu,Ordu
3601,Pacific Asia,Eastern Asia,China,Jiaxing,Zhejiang
3602,Pacific Asia,South Asia,Bután,Phuntsholing,Chukha
3603,Pacific Asia,Eastern Asia,China,Sanming,Fujian
3604,Europe,Eastern Europe,Rumania,Suceava,Suceava
3605,Europe,Eastern Europe,Bulgaria,Pazardzhik,Pazardzhik
3606,Europe,Eastern Europe,Rumania,Focsani,Vrancea
3607,Latam,South America,Venezuela,San Carlos del Zulia,Zulia
3608,Latam,South America,Brasil,Barra do Piraí,Río de Janeiro
3609,Pacific Asia,South Asia,Irán,Kazerun,Fars
3610,Pacific Asia,Eastern Asia,Japón,Kawaguchi,Chiba
3611,Pacific Asia,Central Asia,Kazajistán,Taldyqorghan,Almaty
3612,Pacific Asia,South Asia,India,Bhilwara,Rajastán
3613,Pacific Asia,South Asia,India,Bharatpur,Rajastán
3614,Pacific Asia,South Asia,India,Ghaziabad,Uttar Pradesh
3615,Usca,Us Center,Estados Unidos,Park Ridge,Illinois
3616,Usca,Us Center,Estados Unidos,Canton,Michigan
3617,Usca,East Of Usa,Estados Unidos,Holyoke,Massachusetts
3618,Usca,Us Center,Estados Unidos,Romeoville,Illinois
3619,Usca,Us Center,Estados Unidos,Independence,Misuri
3620,Africa,Central Africa,Angola,Lubango,Huila
3621,Pacific Asia,West Asia,Israel,Hadera,Haifa
3622,Usca,South Of  Usa,Estados Unidos,Ormond Beach,Florida
3623,Africa,East Africa,Madagascar,Toliara,Atsimo-Andrefana
3624,Europe,Northern Europe,Reino Unido,Stafford,Inglaterra
3625,Europe,Western Europe,Bélgica,Kortrijk,Flanders Occidental
3626,Europe,Western Europe,Países Bajos,Hardenberg,Overijssel
3627,Latam,South America,Argentina,Junín,Buenos Aires (provincia)
3628,Pacific Asia,Central Asia,Kazajistán,Dzhezkazgan,Karagandá
3629,Pacific Asia,Eastern Asia,Japón,Kita-ku,Osaka
3630,Pacific Asia,South Asia,India,Latur,Maharashtra
3631,Pacific Asia,Eastern Asia,China,Yuncheng,Shanxi
3632,Pacific Asia,West Asia,Turquía,Bingöl,Bingöl
3633,Pacific Asia,South Asia,India,New Delhi,Delhi
3634,Usca,East Of Usa,Estados Unidos,Laurel,Maryland
3635,Usca,West Of Usa,Estados Unidos,Bellingham,Washington
3636,Europe,Southern Europe,España,Ponteareas,Galicia
3637,Africa,West Africa,Nigeria,Gombe,Gombe
3638,Latam,South America,Brasil,Buriticupu,Marañón
3639,Europe,Eastern Europe,Polonia,Piotrkow Trybunalski,Lodz
3640,Africa,Southern Africa,SudAfrica,Boksburg,Gauteng
3641,Africa,Central Africa,Chad,Koumra,Mandoul
3642,Europe,Western Europe,Francia,Villeneuve-Saint-Georges,Isla de Francia
3643,Europe,Western Europe,Francia,Cambrai,Norte-Paso de Calais-Picardía
3644,Pacific Asia,West Asia,Turquía,Karaman,Karaman
3645,Pacific Asia,South Asia,Irán,Torbat-e Heydariyeh,Jorasán Razaví
3646,Usca,Us Center,Estados Unidos,Roseville,Michigan
3647,Europe,Western Europe,Alemania,Fulda,Hesse
3648,Pacific Asia,South Asia,Irán,Javanrud,Kermanshah
3649,Africa,West Africa,Nigeria,Sapele,Delta
3650,Africa,West Africa,Togo,Kara,Kara
3651,Usca,Canada,Canada,Gatineau,Quebec
3652,Europe,Eastern Europe,Polonia,Czestochowa,Silesia
3653,Pacific Asia,West Asia,Turquía,Cubuk,Ankara
3654,Usca,East Of Usa,Estados Unidos,East Orange,Nueva Jersey
3655,Usca,West Of Usa,Estados Unidos,El Cajon,California
3656,Usca,West Of Usa,Estados Unidos,Chula Vista,California
3657,Usca,Us Center,Estados Unidos,Cedar Hill,Texas
3658,Usca,Us Center,Estados Unidos,Moorhead,Minnesota
3659,Usca,West Of Usa,Estados Unidos,Las Cruces,Nuevo México
3660,Usca,Us Center,Estados Unidos,New Castle,Indiana
3661,Usca,Us Center,Estados Unidos,Grapevine,Texas
3662,Pacific Asia,Eastern Asia,China,Jingdezhen,Jiangxi
3663,Europe,Western Europe,Francia,Elbeuf,Normandía
3664,Europe,Southern Europe,Italia,Bitonto,Apulia
3665,Europe,Southern Europe,Italia,San Severo,Apulia
3666,Europe,Southern Europe,Italia,Battipaglia,Campania
3667,Europe,Southern Europe,Italia,Andria,Apulia
3668,Latam,South America,Brasil,Cambé,Paraná
3669,Latam,South America,Colombia,Pasto,Nariño
3670,Europe,Western Europe,Alemania,Aalen,Baden-Wurtemberg
3671,Europe,Eastern Europe,Serbia,Belgrade,Serbia Central
3672,Africa,East Africa,Tanzania,Mbinga,Ruvuma
3673,Europe,Western Europe,Países Bajos,Leiden,Holanda Meridional
3674,Europe,Western Europe,Francia,Sorgues,Provenza-Alpes-Costa Azul
3675,Africa,North Africa,Marruecos,Guelmim,Guelmim-Esmara
3676,Pacific Asia,West Asia,Turquía,Buyukcekmece,Estambul
3677,Europe,Eastern Europe,Bulgaria,Stara Zagora,Stara Zagora
3678,Pacific Asia,West Asia,Yemen,Ibb,Ibb
3679,Pacific Asia,West Asia,Turquía,Midyat,Mardin
3680,Europe,Eastern Europe,Bielorrusia,Pinsk,Brest
3681,Africa,North Africa,Argelia,Sidi Bel Abbes,Sidi Bel Abbes
3682,Africa,Southern Africa,SudAfrica,Ulundi,KwaZulu-Natal
3683,Pacific Asia,South Asia,Irán,Zabol,Sistán y Baluchistán
3684,Europe,Eastern Europe,Polonia,Jastrzebie Zdroj,Silesia
3685,Africa,North Africa,Argelia,Dar Chioukh,Djelfa
3686,Latam,South America,Brasil,Cruzeiro do Sul,Acre
3687,Europe,Western Europe,Bélgica,Mouscron,Henao
3688,Europe,Western Europe,Francia,Riom,Auvernia
3689,Usca,Us Center,Estados Unidos,Waterloo,Iowa
3690,Europe,Western Europe,Francia,La Chapelle-sur-Erdre,Países del Loira
3691,Latam,South America,Venezuela,Guanare,Portuguesa
3692,Pacific Asia,Eastern Asia,Japón,Chigasaki,Kanagawa
3693,Europe,Southern Europe,Portugal,Arrentela,Setúbal
3694,Africa,Southern Africa,SudAfrica,Springs,Gauteng
3695,Europe,Northern Europe,Estonia,Tartu,Tartu
3696,Europe,Southern Europe,Portugal,Braga,Braga
3697,Latam,South America,Colombia,Montería,Córdoba
3698,Pacific Asia,Eastern Asia,Japón,Katsushika-ku,Tokio
3699,Usca,Us Center,Estados Unidos,Aberdeen,Dakota del Sur
3700,Latam,South America,Perú,Juliaca,Puno
3701,Pacific Asia,South Asia,Irán,Neyshabur,Jorasán Razaví
3702,Usca,West Of Usa,Estados Unidos,Commerce City,Colorado
3703,Usca,Us Center,Estados Unidos,Deer Park,Texas
3704,Africa,West Africa,Sáhara Occidental,El Aaiún,El Aaiún
3705,Europe,Western Europe,Francia,Libourne,Aquitania-Lemosín-Poitou-Charentes
3706,Latam,South America,Brasil,Seropédica,Río de Janeiro
3707,Pacific Asia,Eastern Asia,China,Qidong,Jiangsu
3708,Usca,Canada,Canada,Burlington,Ontario
3709,Europe,Western Europe,Francia,Moissy-Cramayel,Isla de Francia
3710,Pacific Asia,Eastern Asia,China,Wendeng,Shandong
3711,Usca,South Of  Usa,Estados Unidos,Texarkana,Arkansas
3712,Usca,Us Center,Estados Unidos,Coon Rapids,Minnesota
3713,Pacific Asia,Oceania,Nueva Zelanda,Cambridge,Waikato
3714,Pacific Asia,Eastern Asia,Japón,Yao,Osaka
3715,Pacific Asia,South Asia,India,Shimoga,Karnataka
3716,Pacific Asia,Eastern Asia,China,Huangshi,Hubei
3717,Pacific Asia,West Asia,Turquía,Bafra,Samsun
3718,Pacific Asia,Eastern Asia,China,Zhuzhou,Hunan
3719,Pacific Asia,South Asia,Pakistán,Gujrat,Punyab
3720,Pacific Asia,Eastern Asia,China,Liaoyuan,Jilin
3721,Usca,Us Center,Estados Unidos,Pearland,Texas
3722,Usca,Us Center,Estados Unidos,Saint Peters,Misuri
3723,Africa,Southern Africa,SudAfrica,Vanderbijlpark,Gauteng
3724,Usca,Canada,Canada,St. John's,Terranova
3725,Usca,Us Center,Estados Unidos,Mount Pleasant,Michigan
3726,Europe,Southern Europe,Croacia,Samobor,Zagrebacka
3727,Usca,South Of  Usa,Estados Unidos,Kissimmee,Florida
3728,Europe,Western Europe,Países Bajos,Hengelo,Overijssel
3729,Europe,Western Europe,Alemania,Detmold,Renania del Norte-Westfalia
3730,Europe,Southern Europe,Macedonia,Bitola,Bitola
3731,Africa,Southern Africa,SudAfrica,Botshabelo,Estado Libre
3732,Africa,West Africa,Costa de Marfil,Daloa,Haut-Sassandra
3733,Africa,West Africa,Costa de Marfil,Korhogo,Savanes
3734,Africa,North Africa,Egipto,Samalut,Menia
3735,Europe,Eastern Europe,Polonia,Myslowice,Silesia
3736,Pacific Asia,West Asia,Turquía,Duzce,Düzce
3737,Africa,Southern Africa,SudAfrica,Stanger,KwaZulu-Natal
3738,Europe,Eastern Europe,Rumania,Bistrita,Bistrita-Nasaud
3739,Pacific Asia,Eastern Asia,Japón,Fujisawa,Kanagawa
3740,Pacific Asia,West Asia,Israel,Ashqelon,Meridional
3741,Usca,West Of Usa,Estados Unidos,Davis,California
3742,Usca,Us Center,Estados Unidos,Elkhart,Indiana
3743,Usca,West Of Usa,Estados Unidos,Farmington,Nuevo México
3744,Pacific Asia,Eastern Asia,China,Tongzhou,Pekín
3745,Europe,Western Europe,Francia,Gonesse,Isla de Francia
3746,Usca,East Of Usa,Estados Unidos,Linden,Nueva Jersey
3747,Usca,South Of  Usa,Estados Unidos,Woodstock,Georgia
3748,Usca,West Of Usa,Estados Unidos,Missoula,Montana
3749,Pacific Asia,Eastern Asia,China,Shangzhi,Heilongjiang
3750,Africa,Southern Africa,SudAfrica,Benoni,Gauteng
3751,Europe,Western Europe,Francia,Sète,Languedoc-Rosellón-Mediodía-Pirineos
3752,Latam,South America,Brasil,Contagem,Minas Gerais
3753,Pacific Asia,Eastern Asia,Japón,Amagasaki,Hyogo
3754,Europe,Southern Europe,España,El Escorial,Madrid
3755,Europe,Western Europe,Bélgica,Peer,Limburgo
3756,Usca,East Of Usa,Estados Unidos,Lindenhurst,Nueva York
3757,Pacific Asia,South Asia,Irán,Takestan,Qazvín
3758,Europe,Western Europe,Francia,Senlis,Norte-Paso de Calais-Picardía
3759,Europe,Southern Europe,Italia,Asti,Piamonte
3760,Africa,Central Africa,Camerún,Limbe,Ouest del Sur
3761,Latam,South America,Brasil,Campo Limpo Paulista,São Paulo
3762,Pacific Asia,Eastern Asia,China,Pingnan,Guangxi
3763,Pacific Asia,Eastern Asia,Japón,Tottori,Tottori
3764,Latam,South America,Brasil,Rondonópolis,Mato Grosso
3765,Usca,West Of Usa,Estados Unidos,Yucaipa,California
3766,Africa,Southern Africa,SudAfrica,Volksrust,Mpumalanga
3767,Europe,Western Europe,Francia,Anglet,Aquitania-Lemosín-Poitou-Charentes
3768,Pacific Asia,Central Asia,Uzbekistán,Urganch,Khorezm
3769,Usca,West Of Usa,Estados Unidos,Pico Rivera,California
3770,Pacific Asia,Eastern Asia,China,Tongling,Anhui
3771,Pacific Asia,Eastern Asia,China,Liuyang,Hunan
3772,Usca,East Of Usa,Estados Unidos,Nashua,Nuevo Hampshire
